
# number of atoms and geometry (in a.u.)
    3
    O       0.000000000000       0.000000000000      -0.736439502472
    H      -1.445931510274       0.000000000000       0.368218806373
    H       1.445931510274       0.000000000000       0.368218806373

# number of quasi-relativistic states and their energies (in a.u.)
   12
    1     -75.721977214741
    2     -75.721977214741
    3     -75.636882249981
    4     -75.636882249981
    5     -75.457675023492
    6     -75.457675023492
    7     -75.190315358669
    8     -75.190315358668
    9     -75.181295094134
   10     -75.181295094134
   11     -75.125026321385
   12     -75.125026321385

# magnetic moment matrix elements '1/2 * (g_e * S + L)' (in a.u.; x,y,z order; (real,imag) format)
    1    1     ( -1.141059374341e-09 , -1.292469707114e-26 ) ( -6.333566960068e-11 , -3.771747153929e-27 ) ( -5.088183822295e-01 , -9.860761315263e-32 )
    1    2     (  5.374670903680e-01 , -5.103346828613e-14 ) ( -4.595540487579e-14 ,  4.993722242650e-01 ) ( -1.080230157820e-09 , -6.437751795449e-11 )
    1    3     (  3.092038322511e-11 , -5.465591737113e-10 ) (  3.357774767884e-11 ,  2.214886433187e-12 ) (  5.337690645129e-14 ,  4.511558401255e-02 )
    1    4     (  4.754951819199e-14 ,  4.875438340827e-01 ) (  3.351157184963e-02 , -5.704936692816e-13 ) ( -2.744991314865e-12 ,  5.107681989730e-11 )
    1    5     (  2.411716970340e-13 , -4.046897473160e-12 ) (  6.855427487526e-12 ,  4.271501686285e-12 ) (  2.388730569234e-17 ,  4.749080435393e-01 )
    1    6     ( -3.819083025918e-14 , -3.559703311168e-03 ) ( -6.696327909058e-03 , -8.645498027541e-15 ) (  2.547945182904e-11 , -5.201262928265e-10 )
    1    7     (  1.045144802438e-04 , -4.621224064014e-04 ) (  3.933267683382e-05 ,  8.895554339658e-06 ) ( -3.907239557633e-15 , -2.948881605925e-03 )
    1    8     ( -8.434048573645e-14 ,  3.373131111535e-02 ) ( -2.870977517305e-03 ,  1.143353822251e-14 ) ( -9.136935545510e-06 , -4.039997671283e-05 )
    1    9     ( -6.548288524069e-03 , -1.338816034679e-12 ) (  1.130412284050e-12 , -5.872188502876e-04 ) ( -5.553470658738e-05 , -1.912570031382e-05 )
    1   10     ( -3.072854176068e-03 ,  1.058265941271e-03 ) ( -9.490017178086e-05 , -2.755586957563e-04 ) (  1.183451141803e-04 ,  2.767666604052e-14 )
    1   11     ( -3.880964144060e-07 ,  6.460102038232e-10 ) ( -9.313109209276e-11 , -5.593462622629e-08 ) (  1.373793996040e-04 ,  1.902327207037e-14 )
    1   12     (  4.985425383964e-04 ,  3.591011812282e-17 ) ( -2.748712629301e-15 ,  7.185916348579e-05 ) (  1.069446110262e-07 ,  1.780731821447e-10 )
    2    1     (  5.374670903680e-01 ,  5.103346828613e-14 ) ( -4.595540487579e-14 , -4.993722242650e-01 ) ( -1.080230157820e-09 ,  6.437751795449e-11 )
    2    2     (  1.141075703137e-09 ,  0.000000000000e+00 ) (  6.333550649515e-11 , -1.862487795299e-26 ) (  5.088183822295e-01 ,  1.183291357832e-30 )
    2    3     ( -4.528895405624e-14 ,  4.875438340827e-01 ) ( -3.351157184964e-02 , -6.013814334595e-13 ) (  2.744989123275e-12 ,  5.107667408419e-11 )
    2    4     (  3.092037192201e-11 ,  5.465576967866e-10 ) (  3.357158420150e-11 , -2.214972930183e-12 ) (  5.920835102291e-14 , -4.511558401256e-02 )
    2    5     (  1.271903182139e-14 ,  3.559703311148e-03 ) ( -6.696327909070e-03 , -3.781122050417e-14 ) (  2.547913836309e-11 ,  5.201398509757e-10 )
    2    6     ( -2.416160094375e-13 , -4.060916421952e-12 ) ( -6.863359285714e-12 ,  4.271301243399e-12 ) ( -4.527082942908e-16 ,  4.749080435393e-01 )
    2    7     (  8.901429038803e-14 ,  3.373131111537e-02 ) (  2.870977517297e-03 ,  1.578132195782e-14 ) (  9.136935539855e-06 , -4.039997669941e-05 )
    2    8     (  1.045144802158e-04 ,  4.621224064139e-04 ) (  3.933267683654e-05 , -8.895554312985e-06 ) ( -3.431437936229e-14 ,  2.948881605837e-03 )
    2    9     (  3.072854176132e-03 ,  1.058265941267e-03 ) (  9.490017178032e-05 , -2.755586957793e-04 ) ( -1.183451142327e-04 , -2.646704813802e-14 )
    2   10     ( -6.548288524054e-03 ,  1.344616828251e-12 ) (  1.124457666591e-12 ,  5.872188503085e-04 ) ( -5.553470656269e-05 ,  1.912570029512e-05 )
    2   11     (  4.985425383715e-04 ,  3.670188175393e-15 ) ( -2.686076611097e-15 , -7.185916348622e-05 ) (  1.069446162125e-07 , -1.780730807359e-10 )
    2   12     (  3.880963947346e-07 ,  6.459888235592e-10 ) (  9.313103275018e-11 , -5.593462652184e-08 ) ( -1.373793996024e-04 ,  2.145680371699e-14 )
    3    1     (  3.092038322511e-11 ,  5.465591737113e-10 ) (  3.357774767884e-11 , -2.214886433187e-12 ) (  5.337690645129e-14 , -4.511558401255e-02 )
    3    2     ( -4.528895405624e-14 , -4.875438340827e-01 ) ( -3.351157184964e-02 ,  6.013814334595e-13 ) (  2.744989123275e-12 , -5.107667408419e-11 )
    3    3     ( -5.514426658566e-11 , -6.310887241768e-30 ) ( -2.166951119244e-13 , -4.525875690310e-28 ) (  4.984021193750e-01 ,  9.860761315263e-32 )
    3    4     (  4.634057646477e-01 , -5.970141477949e-14 ) (  5.274084031673e-14 , -5.123282565168e-01 ) (  5.925331958042e-11 ,  4.593138093511e-14 )
    3    5     (  8.407363905584e-13 , -6.258662537290e-15 ) ( -4.821715995883e-12 , -1.180139506419e-11 ) ( -3.211986905074e-02 , -3.771974094450e-14 )
    3    6     (  8.875978003825e-03 ,  4.557395940074e-13 ) ( -3.542430826280e-15 ,  4.575732026857e-01 ) (  2.959377840126e-12 , -4.488612611346e-12 )
    3    7     ( -1.380537077716e-04 , -3.122248965308e-05 ) (  7.235628381455e-07 , -3.199315901165e-06 ) ( -2.192249622539e-04 ,  1.024968445468e-14 )
    3    8     (  1.007683859829e-02 ,  2.948438022432e-14 ) ( -3.205250690914e-14 ,  2.335248099304e-04 ) ( -3.003402724777e-06 ,  6.792556119033e-07 )
    3    9     (  4.580789093588e-13 , -4.255353548207e-02 ) (  1.725608259062e-03 , -1.092776884448e-13 ) (  2.039360239220e-04 , -5.921627503679e-04 )
    3   10     ( -6.877057587322e-03 , -1.996870007587e-02 ) (  8.097600681801e-04 , -2.788747689006e-04 ) ( -9.078929839438e-13 ,  1.261905793526e-03 )
    3   11     ( -1.583151919323e-08 , -9.508494752321e-06 ) ( -1.946398772617e-06 ,  3.240738704894e-09 ) ( -3.376800675567e-15 ,  2.887002291027e-03 )
    3   12     (  3.219237192188e-14 ,  1.221447768133e-02 ) (  2.500316284939e-03 ,  3.351338711153e-14 ) ( -3.741918148528e-09 ,  2.247421555714e-06 )
    4    1     (  4.754951819199e-14 , -4.875438340827e-01 ) (  3.351157184963e-02 ,  5.704936692816e-13 ) ( -2.744991314865e-12 , -5.107681989730e-11 )
    4    2     (  3.092037192201e-11 , -5.465576967866e-10 ) (  3.357158420150e-11 ,  2.214972930183e-12 ) (  5.920835102291e-14 ,  4.511558401256e-02 )
    4    3     (  4.634057646477e-01 ,  5.970141477949e-14 ) (  5.274084031673e-14 ,  5.123282565168e-01 ) (  5.925331958042e-11 , -4.593138093511e-14 )
    4    4     (  5.512649941023e-11 , -6.310887241768e-30 ) (  2.167009488254e-13 ,  1.051869174712e-26 ) ( -4.984021193750e-01 ,  3.944304526105e-31 )
    4    5     ( -8.875978003811e-03 ,  4.304781094277e-13 ) (  5.289545136801e-15 ,  4.575732026857e-01 ) ( -2.969488236470e-12 , -4.488630008164e-12 )
    4    6     (  8.307145082653e-13 ,  6.330368527591e-15 ) ( -4.821693008389e-12 ,  1.180183724149e-11 ) ( -3.211986905071e-02 ,  3.184336558568e-14 )
    4    7     (  1.007683859824e-02 , -1.916477750487e-14 ) ( -1.153082528589e-14 , -2.335248099622e-04 ) ( -3.003402727710e-06 , -6.792556127871e-07 )
    4    8     (  1.380537076629e-04 , -3.122248964940e-05 ) ( -7.235628448834e-07 , -3.199315908216e-06 ) (  2.192249622496e-04 ,  4.799036280840e-15 )
    4    9     ( -6.877057587320e-03 ,  1.996870007584e-02 ) (  8.097600681732e-04 ,  2.788747688779e-04 ) ( -9.177849441200e-13 , -1.261905793486e-03 )
    4   10     ( -4.624383594997e-13 , -4.255353548201e-02 ) ( -1.725608259114e-03 , -4.605869633457e-14 ) ( -2.039360239196e-04 , -5.921627503440e-04 )
    4   11     ( -1.167407748895e-14 ,  1.221447768134e-02 ) ( -2.500316284938e-03 ,  3.212460575340e-14 ) (  3.741918108778e-09 ,  2.247421556112e-06 )
    4   12     ( -1.583151640460e-08 ,  9.508494750108e-06 ) ( -1.946398776804e-06 , -3.240738836741e-09 ) ( -2.083382237176e-15 , -2.887002291025e-03 )
    5    1     (  2.411716970340e-13 ,  4.046897473160e-12 ) (  6.855427487526e-12 , -4.271501686285e-12 ) (  2.388730569234e-17 , -4.749080435393e-01 )
    5    2     (  1.271903182139e-14 , -3.559703311148e-03 ) ( -6.696327909070e-03 ,  3.781122050417e-14 ) (  2.547913836309e-11 , -5.201398509757e-10 )
    5    3     (  8.407363905584e-13 ,  6.258662537290e-15 ) ( -4.821715995883e-12 ,  1.180139506419e-11 ) ( -3.211986905074e-02 ,  3.771974094450e-14 )
    5    4     ( -8.875978003811e-03 , -4.304781094277e-13 ) (  5.289545136801e-15 , -4.575732026857e-01 ) ( -2.969488236470e-12 ,  4.488630008164e-12 )
    5    5     (  3.371083286423e-11 , -8.077935669463e-28 ) ( -9.627601307245e-12 , -1.998505021088e-27 ) ( -4.902445920717e-01 ,  2.465190328816e-32 )
    5    6     (  5.004141360607e-01 , -1.222390573013e-14 ) ( -8.548806855315e-15 ,  4.876275954693e-01 ) (  3.304036048071e-11 , -9.607914170353e-12 )
    5    7     ( -6.473518809484e-06 , -1.464063399817e-06 ) ( -4.855093345175e-05 ,  2.146733425025e-04 ) ( -1.638948453577e-03 , -3.686333244657e-15 )
    5    8     (  4.725161414360e-04 ,  1.902778427393e-14 ) ( -3.200595384994e-14 , -1.566947150851e-02 ) ( -2.245375955525e-05 ,  5.078185670650e-06 )
    5    9     ( -1.112603182371e-13 , -5.554936976294e-04 ) (  5.256577028092e-03 , -1.448888146965e-14 ) (  1.812738720083e-03 , -5.263593529754e-03 )
    5   10     ( -8.977308480981e-05 , -2.606713387602e-04 ) (  2.466704797557e-03 , -8.495130318732e-04 ) (  4.416001515548e-14 ,  1.121677991858e-02 )
    5   11     (  6.876816117508e-10 ,  4.130207294680e-07 ) ( -1.208095941649e-06 ,  2.012401021997e-09 ) ( -5.488666369363e-16 ,  4.564111010483e-02 )
    5   12     (  5.951874802239e-16 , -5.305571081636e-04 ) (  1.551903126571e-03 ,  1.057883710933e-15 ) ( -5.915625068031e-08 ,  3.552982312521e-05 )
    6    1     ( -3.819083025918e-14 ,  3.559703311168e-03 ) ( -6.696327909058e-03 ,  8.645498027541e-15 ) (  2.547945182904e-11 ,  5.201262928265e-10 )
    6    2     ( -2.416160094375e-13 ,  4.060916421952e-12 ) ( -6.863359285714e-12 , -4.271301243399e-12 ) ( -4.527082942908e-16 , -4.749080435393e-01 )
    6    3     (  8.875978003825e-03 , -4.557395940074e-13 ) ( -3.542430826280e-15 , -4.575732026857e-01 ) (  2.959377840126e-12 ,  4.488612611346e-12 )
    6    4     (  8.307145082653e-13 , -6.330368527591e-15 ) ( -4.821693008389e-12 , -1.180183724149e-11 ) ( -3.211986905071e-02 , -3.184336558568e-14 )
    6    5     (  5.004141360607e-01 ,  1.222390573013e-14 ) ( -8.548806855315e-15 , -4.876275954693e-01 ) (  3.304036048071e-11 ,  9.607914170353e-12 )
    6    6     ( -3.371058503205e-11 , -1.615587133893e-27 ) (  9.628031304888e-12 , -8.695900570954e-28 ) (  4.902445920717e-01 ,  2.366582715663e-30 )
    6    7     ( -4.725161414235e-04 , -2.919923500093e-14 ) (  5.115080131590e-14 , -1.566947150843e-02 ) (  2.245375959776e-05 ,  5.078185655009e-06 )
    6    8     ( -6.473518830745e-06 ,  1.464063398764e-06 ) ( -4.855093345134e-05 , -2.146733425118e-04 ) ( -1.638948453698e-03 ,  7.410854280442e-14 )
    6    9     (  8.977308476646e-05 , -2.606713386987e-04 ) ( -2.466704797590e-03 , -8.495130318309e-04 ) ( -9.308121894347e-14 ,  1.121677991858e-02 )
    6   10     ( -9.143321622661e-15 ,  5.554936976635e-04 ) (  5.256577028056e-03 , -7.124204176679e-14 ) (  1.812738720060e-03 ,  5.263593529660e-03 )
    6   11     (  5.957497139578e-14 ,  5.305571082314e-04 ) (  1.551903126568e-03 ,  1.049046314596e-15 ) ( -5.915625038263e-08 , -3.552982313383e-05 )
    6   12     ( -6.876715439944e-10 ,  4.130207377178e-07 ) (  1.208095959110e-06 ,  2.012401231405e-09 ) ( -7.357943452810e-15 ,  4.564111010483e-02 )
    7    1     (  1.045144802438e-04 ,  4.621224064014e-04 ) (  3.933267683382e-05 , -8.895554339658e-06 ) ( -3.907239557633e-15 ,  2.948881605925e-03 )
    7    2     (  8.901429038803e-14 , -3.373131111537e-02 ) (  2.870977517297e-03 , -1.578132195782e-14 ) (  9.136935539855e-06 ,  4.039997669941e-05 )
    7    3     ( -1.380537077716e-04 ,  3.122248965308e-05 ) (  7.235628381455e-07 ,  3.199315901165e-06 ) ( -2.192249622539e-04 , -1.024968445468e-14 )
    7    4     (  1.007683859824e-02 ,  1.916477750487e-14 ) ( -1.153082528589e-14 ,  2.335248099622e-04 ) ( -3.003402727710e-06 ,  6.792556127871e-07 )
    7    5     ( -6.473518809484e-06 ,  1.464063399817e-06 ) ( -4.855093345175e-05 , -2.146733425025e-04 ) ( -1.638948453577e-03 ,  3.686333244657e-15 )
    7    6     ( -4.725161414235e-04 ,  2.919923500093e-14 ) (  5.115080131590e-14 ,  1.566947150843e-02 ) (  2.245375959776e-05 , -5.078185655009e-06 )
    7    7     ( -1.464861161953e-02 ,  2.168404344971e-19 ) ( -2.744457566369e-03 ,  5.288967230511e-19 ) (  4.428093047708e-01 ,  0.000000000000e+00 )
    7    8     (  5.345217076524e-01 ,  4.538785924380e-05 ) ( -3.759934613178e-05 , -4.429560402594e-01 ) (  1.213545868341e-02 , -2.744578517364e-03 )
    7    9     (  4.873175876872e-05 , -6.455736938392e-02 ) (  2.073449394438e-01 , -1.587006907322e-04 ) (  3.438573305221e-02 , -9.510639960670e-02 )
    7   10     ( -1.016263643668e-02 , -2.920739398114e-02 ) (  1.008382437796e-01 , -3.438967640834e-02 ) (  7.657695865429e-04 ,  2.100054668506e-01 )
    7   11     ( -2.323724004061e-03 , -1.085388225679e-02 ) (  2.860922658854e-05 , -6.857250422075e-06 ) ( -5.297462290802e-09 ,  2.180196093541e-03 )
    7   12     ( -1.794860281290e-06 ,  7.496439539215e-01 ) (  2.214079032981e-03 , -5.301672960305e-09 ) (  6.752455203260e-06 ,  3.156645067901e-05 )
    8    1     ( -8.434048573645e-14 , -3.373131111535e-02 ) ( -2.870977517305e-03 , -1.143353822251e-14 ) ( -9.136935545510e-06 ,  4.039997671283e-05 )
    8    2     (  1.045144802158e-04 , -4.621224064139e-04 ) (  3.933267683654e-05 ,  8.895554312985e-06 ) ( -3.431437936229e-14 , -2.948881605837e-03 )
    8    3     (  1.007683859829e-02 , -2.948438022432e-14 ) ( -3.205250690914e-14 , -2.335248099304e-04 ) ( -3.003402724777e-06 , -6.792556119033e-07 )
    8    4     (  1.380537076629e-04 ,  3.122248964940e-05 ) ( -7.235628448834e-07 ,  3.199315908216e-06 ) (  2.192249622496e-04 , -4.799036280840e-15 )
    8    5     (  4.725161414360e-04 , -1.902778427393e-14 ) ( -3.200595384994e-14 ,  1.566947150851e-02 ) ( -2.245375955525e-05 , -5.078185670650e-06 )
    8    6     ( -6.473518830745e-06 , -1.464063398764e-06 ) ( -4.855093345134e-05 ,  2.146733425118e-04 ) ( -1.638948453698e-03 , -7.410854280442e-14 )
    8    7     (  5.345217076524e-01 , -4.538785924380e-05 ) ( -3.759934613178e-05 ,  4.429560402594e-01 ) (  1.213545868341e-02 ,  2.744578517364e-03 )
    8    8     (  1.464861161923e-02 , -2.168404344971e-19 ) (  2.744457566298e-03 , -4.085804338927e-19 ) ( -4.428093047704e-01 ,  3.388131789017e-21 )
    8    9     ( -1.016263643655e-02 ,  2.920739398171e-02 ) (  1.008382437797e-01 ,  3.438967640843e-02 ) (  7.657695864141e-04 , -2.100054668520e-01 )
    8   10     ( -4.873175913239e-05 , -6.455736938525e-02 ) ( -2.073449394438e-01 , -1.587006905462e-04 ) ( -3.438573305244e-02 , -9.510639960723e-02 )
    8   11     (  1.794860327881e-06 ,  7.496439539214e-01 ) ( -2.214079032965e-03 , -5.301690409145e-09 ) ( -6.752455208813e-06 ,  3.156645067257e-05 )
    8   12     ( -2.323724004025e-03 ,  1.085388225711e-02 ) (  2.860922658480e-05 ,  6.857250422119e-06 ) ( -5.297442608088e-09 , -2.180196093677e-03 )
    9    1     ( -6.548288524069e-03 ,  1.338816034679e-12 ) (  1.130412284050e-12 ,  5.872188502876e-04 ) ( -5.553470658738e-05 ,  1.912570031382e-05 )
    9    2     (  3.072854176132e-03 , -1.058265941267e-03 ) (  9.490017178032e-05 ,  2.755586957793e-04 ) ( -1.183451142327e-04 ,  2.646704813802e-14 )
    9    3     (  4.580789093588e-13 ,  4.255353548207e-02 ) (  1.725608259062e-03 ,  1.092776884448e-13 ) (  2.039360239220e-04 ,  5.921627503679e-04 )
    9    4     ( -6.877057587320e-03 , -1.996870007584e-02 ) (  8.097600681732e-04 , -2.788747688779e-04 ) ( -9.177849441200e-13 ,  1.261905793486e-03 )
    9    5     ( -1.112603182371e-13 ,  5.554936976294e-04 ) (  5.256577028092e-03 ,  1.448888146965e-14 ) (  1.812738720083e-03 ,  5.263593529754e-03 )
    9    6     (  8.977308476646e-05 ,  2.606713386987e-04 ) ( -2.466704797590e-03 ,  8.495130318309e-04 ) ( -9.308121894347e-14 , -1.121677991858e-02 )
    9    7     (  4.873175876872e-05 ,  6.455736938392e-02 ) (  2.073449394438e-01 ,  1.587006907322e-04 ) (  3.438573305221e-02 ,  9.510639960670e-02 )
    9    8     ( -1.016263643655e-02 , -2.920739398171e-02 ) (  1.008382437797e-01 , -3.438967640843e-02 ) (  7.657695864141e-04 ,  2.100054668520e-01 )
    9    9     ( -3.486511653616e-01 , -1.387778780781e-17 ) ( -1.148815673623e-01 ,  2.703353697549e-17 ) (  2.678675174304e-01 ,  0.000000000000e+00 )
    9   10     (  2.993881767551e-01 ,  5.634535685346e-02 ) ( -5.390939994214e-02 , -4.244139484811e-01 ) (  3.335639082095e-01 , -1.148766918625e-01 )
    9   11     (  1.657100656441e-01 , -2.094058523859e-05 ) ( -6.256329104760e-08 ,  4.947265469410e-04 ) ( -2.574705772379e-04 ,  8.881739873145e-05 )
    9   12     ( -7.760388317442e-02 ,  2.677076962538e-02 ) (  7.998109202437e-05 ,  2.326257537716e-04 ) ( -5.497854369611e-04 ,  6.880768795262e-08 )
   10    1     ( -3.072854176068e-03 , -1.058265941271e-03 ) ( -9.490017178086e-05 ,  2.755586957563e-04 ) (  1.183451141803e-04 , -2.767666604052e-14 )
   10    2     ( -6.548288524054e-03 , -1.344616828251e-12 ) (  1.124457666591e-12 , -5.872188503085e-04 ) ( -5.553470656269e-05 , -1.912570029512e-05 )
   10    3     ( -6.877057587322e-03 ,  1.996870007587e-02 ) (  8.097600681801e-04 ,  2.788747689006e-04 ) ( -9.078929839438e-13 , -1.261905793526e-03 )
   10    4     ( -4.624383594997e-13 ,  4.255353548201e-02 ) ( -1.725608259114e-03 ,  4.605869633457e-14 ) ( -2.039360239196e-04 ,  5.921627503440e-04 )
   10    5     ( -8.977308480981e-05 ,  2.606713387602e-04 ) (  2.466704797557e-03 ,  8.495130318732e-04 ) (  4.416001515548e-14 , -1.121677991858e-02 )
   10    6     ( -9.143321622661e-15 , -5.554936976635e-04 ) (  5.256577028056e-03 ,  7.124204176679e-14 ) (  1.812738720060e-03 , -5.263593529660e-03 )
   10    7     ( -1.016263643668e-02 ,  2.920739398114e-02 ) (  1.008382437796e-01 ,  3.438967640834e-02 ) (  7.657695865429e-04 , -2.100054668506e-01 )
   10    8     ( -4.873175913238e-05 ,  6.455736938525e-02 ) ( -2.073449394438e-01 ,  1.587006905462e-04 ) ( -3.438573305244e-02 ,  9.510639960723e-02 )
   10    9     (  2.993881767551e-01 , -5.634535685346e-02 ) ( -5.390939994214e-02 ,  4.244139484811e-01 ) (  3.335639082095e-01 ,  1.148766918625e-01 )
   10   10     (  3.486511653614e-01 ,  0.000000000000e+00 ) (  1.148815673622e-01 ,  1.873436820500e-17 ) ( -2.678675174308e-01 ,  6.938893903907e-18 )
   10   11     (  7.760388317365e-02 ,  2.677076962542e-02 ) ( -7.998109203636e-05 ,  2.326257538144e-04 ) (  5.497854369440e-04 ,  6.880768865986e-08 )
   10   12     (  1.657100656426e-01 ,  2.094058520104e-05 ) ( -6.256328437331e-08 , -4.947265468836e-04 ) ( -2.574705772669e-04 , -8.881739876287e-05 )
   11    1     ( -3.880964144060e-07 , -6.460102038232e-10 ) ( -9.313109209276e-11 ,  5.593462622629e-08 ) (  1.373793996040e-04 , -1.902327207037e-14 )
   11    2     (  4.985425383715e-04 , -3.670188175393e-15 ) ( -2.686076611097e-15 ,  7.185916348622e-05 ) (  1.069446162125e-07 ,  1.780730807359e-10 )
   11    3     ( -1.583151919323e-08 ,  9.508494752321e-06 ) ( -1.946398772617e-06 , -3.240738704894e-09 ) ( -3.376800675567e-15 , -2.887002291027e-03 )
   11    4     ( -1.167407748895e-14 , -1.221447768134e-02 ) ( -2.500316284938e-03 , -3.212460575340e-14 ) (  3.741918108778e-09 , -2.247421556112e-06 )
   11    5     (  6.876816117508e-10 , -4.130207294680e-07 ) ( -1.208095941649e-06 , -2.012401021997e-09 ) ( -5.488666369363e-16 , -4.564111010483e-02 )
   11    6     (  5.957497139578e-14 , -5.305571082314e-04 ) (  1.551903126568e-03 , -1.049046314596e-15 ) ( -5.915625038263e-08 ,  3.552982313383e-05 )
   11    7     ( -2.323724004061e-03 ,  1.085388225679e-02 ) (  2.860922658854e-05 ,  6.857250422075e-06 ) ( -5.297462290802e-09 , -2.180196093541e-03 )
   11    8     (  1.794860327881e-06 , -7.496439539214e-01 ) ( -2.214079032965e-03 ,  5.301690409145e-09 ) ( -6.752455208813e-06 , -3.156645067257e-05 )
   11    9     (  1.657100656441e-01 ,  2.094058523859e-05 ) ( -6.256329104760e-08 , -4.947265469410e-04 ) ( -2.574705772379e-04 , -8.881739873145e-05 )
   11   10     (  7.760388317365e-02 , -2.677076962542e-02 ) ( -7.998109203636e-05 , -2.326257538144e-04 ) (  5.497854369440e-04 , -6.880768865986e-08 )
   11   11     ( -7.849088294095e-04 ,  0.000000000000e+00 ) ( -1.297599463967e-06 ,  8.246936289829e-21 ) ( -5.005211495706e-01 ,  0.000000000000e+00 )
   11   12     (  5.041411270976e-01 , -1.017321967631e-09 ) ( -1.010133790683e-09 ,  5.005682649910e-01 ) ( -7.792728049443e-04 , -1.297478902885e-06 )
   12    1     (  4.985425383964e-04 , -3.591011812282e-17 ) ( -2.748712629301e-15 , -7.185916348579e-05 ) (  1.069446110262e-07 , -1.780731821447e-10 )
   12    2     (  3.880963947346e-07 , -6.459888235592e-10 ) (  9.313103275018e-11 ,  5.593462652184e-08 ) ( -1.373793996024e-04 , -2.145680371699e-14 )
   12    3     (  3.219237192188e-14 , -1.221447768133e-02 ) (  2.500316284939e-03 , -3.351338711153e-14 ) ( -3.741918148528e-09 , -2.247421555714e-06 )
   12    4     ( -1.583151640460e-08 , -9.508494750108e-06 ) ( -1.946398776804e-06 ,  3.240738836741e-09 ) ( -2.083382237176e-15 ,  2.887002291025e-03 )
   12    5     (  5.951874802239e-16 ,  5.305571081636e-04 ) (  1.551903126571e-03 , -1.057883710933e-15 ) ( -5.915625068031e-08 , -3.552982312521e-05 )
   12    6     ( -6.876715439944e-10 , -4.130207377178e-07 ) (  1.208095959110e-06 , -2.012401231405e-09 ) ( -7.357943452810e-15 , -4.564111010483e-02 )
   12    7     ( -1.794860281290e-06 , -7.496439539215e-01 ) (  2.214079032981e-03 ,  5.301672960305e-09 ) (  6.752455203260e-06 , -3.156645067901e-05 )
   12    8     ( -2.323724004025e-03 , -1.085388225711e-02 ) (  2.860922658480e-05 , -6.857250422119e-06 ) ( -5.297442608088e-09 ,  2.180196093677e-03 )
   12    9     ( -7.760388317442e-02 , -2.677076962538e-02 ) (  7.998109202437e-05 , -2.326257537716e-04 ) ( -5.497854369611e-04 , -6.880768795262e-08 )
   12   10     (  1.657100656426e-01 , -2.094058520104e-05 ) ( -6.256328437331e-08 ,  4.947265468836e-04 ) ( -2.574705772669e-04 ,  8.881739876287e-05 )
   12   11     (  5.041411270976e-01 ,  1.017321967631e-09 ) ( -1.010133790683e-09 , -5.005682649910e-01 ) ( -7.792728049443e-04 ,  1.297478902885e-06 )
   12   12     (  7.849088294893e-04 ,  0.000000000000e+00 ) (  1.297599463965e-06 , -4.396987493452e-20 ) (  5.005211495706e-01 ,  0.000000000000e+00 )

# A tensor matrix elements (in a.u.; x,y,z order; (real,imag) format)
# nucleus 1 (O atom; P (g_e*g_N*beta_e*beta_N) = -72.3588)
# FC contribution '4/3 * pi * P * OPERATOR'
    1    1     (  1.218208230202e-07 ,  0.000000000000e+00 ) (  7.074861598387e-09 , -3.853646440492e-18 ) (  5.661000716333e+01 ,  1.009741958683e-28 )
    1    2     ( -5.736268824974e+01 , -1.699223149659e-12 ) (  3.717730461939e-12 , -5.661005538958e+01 ) (  1.202250768426e-07 ,  7.074843701430e-09 )
    1    3     ( -1.685836964317e-09 ,  8.429209833547e-09 ) ( -1.196201861422e-08 , -1.960655784436e-09 ) ( -1.486253967354e-11 , -1.195586236349e+01 )
    1    4     ( -1.308357014863e-11 , -7.533853558784e+00 ) ( -1.195593060206e+01 ,  1.002043322823e-11 ) (  1.960654925556e-09 , -1.337304992578e-08 )
    1    5     ( -2.410194289580e-11 ,  7.984850162256e-10 ) (  1.060865506382e-09 ,  7.118972964325e-11 ) ( -5.201443290142e-11 ,  9.014048400317e-01 )
    1    6     (  4.021901621922e-11 ,  6.222655496223e-01 ) ( -8.966749427128e-01 ,  4.092028522496e-11 ) (  7.140296604954e-11 , -8.603987034989e-10 )
    1    7     ( -1.038942665294e-01 ,  4.593800735442e-01 ) ( -5.087238239671e-01 , -1.150539558541e-01 ) (  2.372974130233e-10 ,  3.713285218810e+01 )
    1    8     (  1.747584487569e-10 , -3.353114229577e+01 ) (  3.713285481508e+01 ,  1.687684210149e-13 ) (  1.150539477382e-01 ,  5.087238666825e-01 )
    1    9     ( -1.288215232538e+02 , -2.616644083693e-08 ) ( -2.557064564028e-08 , -1.280471809155e+02 ) ( -6.008750175462e+01 , -2.069364600606e+01 )
    1   10     ( -6.045087265588e+01 ,  2.081878800009e+01 ) ( -2.069364688958e+01 , -6.008750459187e+01 ) (  1.280471755762e+02 , -1.841665076865e-08 )
    1   11     ( -8.274393603434e-02 ,  1.377606402632e-04 ) ( -1.377284803569e-04 , -8.271629602849e-02 ) ( -1.062563398441e+02 ,  5.352449905629e-12 )
    1   12     (  1.062915534104e+02 , -9.569688666749e-11 ) (  8.476174627386e-11 ,  1.062563373640e+02 ) ( -8.271652360231e-02 , -1.377284796164e-04 )
    2    1     ( -5.736268824974e+01 ,  1.699223149659e-12 ) (  3.717730461939e-12 ,  5.661005538958e+01 ) (  1.202250768426e-07 , -7.074843701430e-09 )
    2    2     ( -1.218186868500e-07 ,  4.135903062765e-25 ) ( -7.074836447982e-09 , -3.853664999531e-18 ) ( -5.661000716332e+01 , -4.038967834732e-28 )
    2    3     (  1.787790839871e-11 , -7.533853558799e+00 ) (  1.195593060206e+01 ,  1.109786325255e-11 ) ( -1.961293207894e-09 , -1.337188660940e-08 )
    2    4     ( -1.686484641652e-09 , -8.428128361908e-09 ) ( -1.196085538471e-08 ,  1.961298557263e-09 ) ( -1.594029566117e-11 ,  1.195586236351e+01 )
    2    5     (  5.163826401450e-11 , -6.222655496379e-01 ) ( -8.966749427298e-01 , -5.235962563169e-11 ) (  7.141549904498e-11 ,  8.477177106196e-10 )
    2    6     (  2.404470700236e-11 ,  8.111275054069e-10 ) ( -1.048178150394e-09 ,  7.119980005461e-11 ) (  4.059450011069e-11 ,  9.014048400148e-01 )
    2    7     ( -1.660771926420e-10 , -3.353114229557e+01 ) ( -3.713285481486e+01 , -1.245350454774e-11 ) ( -1.150539477094e-01 ,  5.087238669312e-01 )
    2    8     ( -1.038942665400e-01 , -4.593800732937e-01 ) ( -5.087238237180e-01 ,  1.150539558644e-01 ) (  2.501718973336e-10 , -3.713285218830e+01 )
    2    9     (  6.045087265588e+01 ,  2.081878800008e+01 ) (  2.069364688957e+01 , -6.008750459187e+01 ) ( -1.280471755762e+02 , -1.836044107626e-08 )
    2   10     ( -1.288215232538e+02 ,  2.622308947100e-08 ) ( -2.551252413445e-08 ,  1.280471809155e+02 ) ( -6.008750175462e+01 ,  2.069364600608e+01 )
    2   11     (  1.062915534104e+02 ,  4.623175039655e-12 ) ( -6.264237893489e-12 , -1.062563373640e+02 ) ( -8.271652360453e-02 ,  1.377284835591e-04 )
    2   12     (  8.274393603071e-02 ,  1.377606363606e-04 ) (  1.377284763878e-04 , -8.271629602627e-02 ) (  1.062563398441e+02 , -8.567355890302e-11 )
    3    1     ( -1.685836964317e-09 , -8.429209940759e-09 ) ( -1.196201871053e-08 ,  1.960655784436e-09 ) ( -1.486253967354e-11 ,  1.195586236349e+01 )
    3    2     (  1.787790839871e-11 ,  7.533853558799e+00 ) (  1.195593060206e+01 , -1.109786325255e-11 ) ( -1.961293207894e-09 ,  1.337188671661e-08 )
    3    3     (  3.033512319224e-08 ,  6.462348535571e-26 ) (  1.339973250666e-10 ,  1.439856769460e-16 ) ( -2.540516810535e+02 , -1.363151644222e-27 )
    3    4     ( -2.542255471243e+02 , -4.649522038520e-13 ) ( -9.325798505931e-14 ,  2.540515844982e+02 ) ( -3.031594160448e-08 ,  1.340476123978e-10 )
    3    5     (  2.946748914024e-09 , -1.141994167816e-11 ) ( -1.320441370729e-11 , -3.374019339711e-09 ) (  3.540576277628e+00 ,  2.167327303388e-12 )
    3    6     ( -3.599127532853e+00 ,  4.407521813249e-12 ) (  1.584474754450e-12 ,  3.547268926144e+00 ) (  2.951490138095e-09 ,  1.337820487464e-11 )
    3    7     ( -3.307132212954e-01 , -7.479473322469e-02 ) ( -6.634865109897e-02 ,  2.933679276906e-01 ) (  2.141356322134e+01 , -5.899904449742e-12 )
    3    8     (  2.413947303826e+01 ,  1.477818678823e-11 ) ( -4.355880787604e-12 , -2.141355950611e+01 ) (  2.933679811973e-01 , -6.634866260869e-02 )
    3    9     ( -3.632242265342e-10 , -2.146764906523e-01 ) (  9.702750658496e+00 ,  3.004934171116e-10 ) (  1.568055888205e+00 , -4.553115532315e+00 )
    3   10     ( -3.469376954189e-02 , -1.007392312438e-01 ) (  4.553119163403e+00 , -1.568057138331e+00 ) (  4.688469630787e-10 ,  9.702742923475e+00 )
    3   11     ( -5.318026868045e-06 , -3.193908583353e-03 ) (  3.996952798964e-03 , -6.654663177439e-06 ) (  6.010511816849e-12 , -5.134433213038e+00 )
    3   12     ( -2.767510794414e-12 ,  4.102849940375e+00 ) ( -5.134429703478e+00 , -8.456057467646e-13 ) (  6.654667583065e-06 , -3.996956050143e-03 )
    4    1     ( -1.308357014863e-11 ,  7.533853558784e+00 ) ( -1.195593060206e+01 , -1.002043322823e-11 ) (  1.960654925556e-09 ,  1.337305003299e-08 )
    4    2     ( -1.686484641652e-09 ,  8.428128469120e-09 ) ( -1.196085548102e-08 , -1.961298557263e-09 ) ( -1.594029566117e-11 , -1.195586236351e+01 )
    4    3     ( -2.542255471243e+02 ,  4.649522038520e-13 ) ( -9.325798505931e-14 , -2.540515844982e+02 ) ( -3.031594160448e-08 , -1.340476123978e-10 )
    4    4     ( -3.033521010202e-08 ,  5.169878828456e-26 ) ( -1.340941589487e-10 ,  1.439856778586e-16 ) (  2.540516810535e+02 , -1.716561329761e-27 )
    4    5     (  3.599127532868e+00 ,  5.971552173412e-12 ) ( -2.233371469932e-12 ,  3.547268926157e+00 ) ( -2.951198245814e-09 ,  1.307467733666e-11 )
    4    6     (  2.946072123638e-09 ,  1.172202229903e-11 ) ( -1.350971642397e-11 ,  3.374311717239e-09 ) (  3.540576277615e+00 , -1.522939024286e-12 )
    4    7     (  2.413947303825e+01 , -1.679072271210e-11 ) ( -1.940548233709e-12 ,  2.141355950611e+01 ) (  2.933679811773e-01 ,  6.634866261116e-02 )
    4    8     (  3.307132212959e-01 , -7.479473322370e-02 ) (  6.634865109784e-02 ,  2.933679277104e-01 ) ( -2.141356322133e+01 , -3.465898378125e-12 )
    4    9     ( -3.469376954563e-02 ,  1.007392312276e-01 ) (  4.553119163426e+00 ,  1.568057138328e+00 ) (  4.705590620842e-10 , -9.702742923544e+00 )
    4   10     (  3.555642887324e-10 , -2.146764907225e-01 ) ( -9.702750658438e+00 ,  2.989249963921e-10 ) ( -1.568055888210e+00 , -4.553115532297e+00 )
    4   11     (  5.908364405119e-12 ,  4.102849940379e+00 ) (  5.134429703489e+00 , -4.431834057061e-12 ) ( -6.654667734472e-06 , -3.996956055643e-03 )
    4   12     ( -5.318026717008e-06 ,  3.193908588627e-03 ) (  3.996952793475e-03 ,  6.654663026316e-06 ) (  9.596728966981e-12 ,  5.134433213042e+00 )
    5    1     ( -2.410194289580e-11 , -7.984853927548e-10 ) (  1.060865885766e-09 , -7.118972964325e-11 ) ( -5.201443290142e-11 , -9.014048400317e-01 )
    5    2     (  5.163826401450e-11 ,  6.222655496379e-01 ) ( -8.966749427298e-01 ,  5.235962563169e-11 ) (  7.141549904498e-11 , -8.477173340905e-10 )
    5    3     (  2.946758896288e-09 ,  1.141994167816e-11 ) ( -1.320441370729e-11 ,  3.374029317936e-09 ) (  3.540576277628e+00 , -2.167327303388e-12 )
    5    4     (  3.599127532868e+00 , -5.971552173412e-12 ) ( -2.233371469932e-12 , -3.547268926157e+00 ) ( -2.951208228078e-09 , -1.307467733666e-11 )
    5    5     ( -7.317476679619e-11 ,  8.077935669463e-28 ) ( -4.269524821365e-12 , -1.399812505364e-16 ) ( -2.723183789153e-01 ,  1.312664546288e-27 )
    5    6     (  2.920830239122e-01 , -1.283429337353e-12 ) (  1.073331842152e-12 ,  1.915768434245e-01 ) ( -7.411946691768e-11 , -4.857851987900e-12 )
    5    7     (  1.067970795567e-02 ,  2.415343347689e-03 ) ( -1.639829818910e-05 ,  7.250597355097e-05 ) (  5.549961106929e-03 , -2.020953121643e-11 )
    5    8     ( -7.795350485839e-01 ,  1.836133526818e-11 ) ( -1.858480129479e-11 , -5.292440945516e-03 ) (  7.603603476802e-05 , -1.719620999779e-05 )
    5    9     (  2.181717455537e-11 ,  1.343156543010e+00 ) ( -1.506162517590e+00 ,  2.190461728755e-11 ) ( -2.434968936480e-01 ,  7.070344226462e-01 )
    5   10     (  2.170669203030e-01 ,  6.302905234222e-01 ) ( -7.067828144878e-01 ,  2.434102420305e-01 ) ( -3.965594517135e-11 , -1.506698696595e+00 )
    5   11     (  1.420448635951e-06 ,  8.531256820843e-04 ) ( -8.641728410394e-04 ,  1.438830936026e-06 ) (  2.643169250806e-12 ,  1.109861073633e+00 )
    5   12     ( -3.618807909835e-12 , -1.095913221433e+00 ) (  1.110104335545e+00 , -3.671201227137e-12 ) ( -1.438515594480e-06 ,  8.639835324722e-04 )
    6    1     (  4.021901621922e-11 , -6.222655496223e-01 ) ( -8.966749427128e-01 , -4.092028522496e-11 ) (  7.140296604954e-11 ,  8.603983269698e-10 )
    6    2     (  2.404470700236e-11 , -8.111278819361e-10 ) ( -1.048178529777e-09 , -7.119980005461e-11 ) (  4.059450011069e-11 , -9.014048400148e-01 )
    6    3     ( -3.599127532853e+00 , -4.407521813249e-12 ) (  1.584474754450e-12 , -3.547268926144e+00 ) (  2.951500120359e-09 , -1.337820487464e-11 )
    6    4     (  2.946082105902e-09 , -1.172202229903e-11 ) ( -1.350971642397e-11 , -3.374321695463e-09 ) (  3.540576277615e+00 ,  1.522939024286e-12 )
    6    5     (  2.920830239122e-01 ,  1.283429337353e-12 ) (  1.073331842152e-12 , -1.915768434245e-01 ) ( -7.411946691768e-11 ,  4.857851987900e-12 )
    6    6     (  7.288382099145e-11 ,  0.000000000000e+00 ) (  4.258729102303e-12 , -1.399812505225e-16 ) (  2.723183789152e-01 ,  1.312664546288e-27 )
    6    7     (  7.795350485483e-01 ,  4.412500623312e-11 ) ( -7.190008664504e-12 , -5.292440971720e-03 ) ( -7.603603974642e-05 , -1.719620512940e-05 )
    6    8     (  1.067970795461e-02 , -2.415343343048e-03 ) ( -1.639829449301e-05 , -7.250596934288e-05 ) (  5.549961137630e-03 , -5.420854613465e-12 )
    6    9     ( -2.170669203008e-01 ,  6.302905234158e-01 ) (  7.067828144864e-01 ,  2.434102420315e-01 ) (  4.616532608069e-11 , -1.506698696584e+00 )
    6   10     (  1.389206265399e-11 , -1.343156543012e+00 ) ( -1.506162517570e+00 , -2.753458812429e-11 ) ( -2.434968936441e-01 , -7.070344226332e-01 )
    6   11     (  7.619991152908e-13 ,  1.095913221422e+00 ) (  1.110104335534e+00 , -8.439686149873e-13 ) ( -1.438515603090e-06 , -8.639835385001e-04 )
    6   12     ( -1.420448646604e-06 ,  8.531256880472e-04 ) (  8.641728349984e-04 ,  1.438830851486e-06 ) (  1.872655090767e-12 ,  1.109861073622e+00 )
    7    1     ( -1.038942665294e-01 , -4.593800735442e-01 ) ( -5.087238239671e-01 ,  1.150539558541e-01 ) (  2.372974129999e-10 , -3.713285218810e+01 )
    7    2     ( -1.660771926655e-10 ,  3.353114229557e+01 ) ( -3.713285481486e+01 ,  1.245350452301e-11 ) ( -1.150539477094e-01 , -5.087238669312e-01 )
    7    3     ( -3.307132212954e-01 ,  7.479473322469e-02 ) ( -6.634865109897e-02 , -2.933679276906e-01 ) (  2.141356322134e+01 ,  5.899904500977e-12 )
    7    4     (  2.413947303825e+01 ,  1.679072276334e-11 ) ( -1.940548250611e-12 , -2.141355950611e+01 ) (  2.933679811773e-01 , -6.634866261116e-02 )
    7    5     (  1.067970795567e-02 , -2.415343347689e-03 ) ( -1.639829818910e-05 , -7.250597355020e-05 ) (  5.549961106928e-03 ,  2.020953357762e-11 )
    7    6     (  7.795350485483e-01 , -4.412500859432e-11 ) ( -7.190006302825e-12 ,  5.292440971720e-03 ) ( -7.603603974718e-05 ,  1.719620512940e-05 )
    7    7     (  9.058520130404e+00 , -1.110223024625e-16 ) (  1.999121860904e+00 , -2.805963608612e-16 ) ( -3.225375978655e+02 ,  1.734723475977e-18 )
    7    8     ( -3.305416086373e+02 , -2.806729039547e-02 ) (  2.738817149717e-02 ,  3.226586975641e+02 ) ( -8.839339304572e+00 ,  1.999121861776e+00 )
    7    9     (  4.404727171121e-02 , -5.835159757701e+01 ) ( -8.595565973997e+01 ,  6.578999463879e-02 ) ( -1.425637549682e+01 ,  3.943125315104e+01 )
    7   10     ( -9.185722365336e+00 , -2.639974516243e+01 ) ( -4.180289036367e+01 ,  1.425637554588e+01 ) ( -3.174891977039e-01 , -8.706857541635e+01 )
    7   11     (  6.245523506508e-02 ,  2.917221530942e-01 ) (  2.419244327340e-01 , -5.798606164367e-02 ) ( -4.549126370177e-05 ,  1.872222516865e+01 )
    7   12     (  4.824087944043e-05 , -2.014834353617e+01 ) (  1.872262438265e+01 , -4.482630704449e-05 ) (  5.798606206246e-02 ,  2.710737879664e-01 )
    8    1     (  1.747584487803e-10 ,  3.353114229577e+01 ) (  3.713285481508e+01 , -1.687684457424e-13 ) (  1.150539477382e-01 , -5.087238666825e-01 )
    8    2     ( -1.038942665400e-01 ,  4.593800732937e-01 ) ( -5.087238237180e-01 , -1.150539558644e-01 ) (  2.501718973102e-10 ,  3.713285218830e+01 )
    8    3     (  2.413947303826e+01 , -1.477818683947e-11 ) ( -4.355880804506e-12 ,  2.141355950611e+01 ) (  2.933679811973e-01 ,  6.634866260869e-02 )
    8    4     (  3.307132212959e-01 ,  7.479473322370e-02 ) (  6.634865109784e-02 , -2.933679277104e-01 ) ( -2.141356322133e+01 ,  3.465898429360e-12 )
    8    5     ( -7.795350485839e-01 , -1.836133762938e-11 ) ( -1.858480365647e-11 ,  5.292440945515e-03 ) (  7.603603476878e-05 ,  1.719620999779e-05 )
    8    6     (  1.067970795461e-02 ,  2.415343343048e-03 ) ( -1.639829449301e-05 ,  7.250596934211e-05 ) (  5.549961137630e-03 ,  5.420852252267e-12 )
    8    7     ( -3.305416086373e+02 ,  2.806729039547e-02 ) (  2.738817149717e-02 , -3.226586975641e+02 ) ( -8.839339304572e+00 , -1.999121861776e+00 )
    8    8     ( -9.058520130627e+00 ,  0.000000000000e+00 ) ( -1.999121860877e+00 ,  1.186661844831e-16 ) (  3.225375978654e+02 ,  1.734723475977e-18 )
    8    9     ( -9.185722365295e+00 ,  2.639974516257e+01 ) ( -4.180289036396e+01 , -1.425637554585e+01 ) ( -3.174891976982e-01 ,  8.706857541711e+01 )
    8   10     ( -4.404727171065e-02 , -5.835159757628e+01 ) (  8.595565973937e+01 ,  6.578999463211e-02 ) (  1.425637549687e+01 ,  3.943125315083e+01 )
    8   11     ( -4.824085810247e-05 , -2.014834353621e+01 ) ( -1.872262438278e+01 , -4.482631641282e-05 ) ( -5.798606206995e-02 ,  2.710737878330e-01 )
    8   12     (  6.245523507278e-02 , -2.917221529606e-01 ) (  2.419244325992e-01 ,  5.798606165180e-02 ) ( -4.549125433271e-05 , -1.872222516869e+01 )
    9    1     ( -1.288215232538e+02 ,  2.616644083656e-08 ) ( -2.557064564050e-08 ,  1.280471809155e+02 ) ( -6.008750175462e+01 ,  2.069364600606e+01 )
    9    2     (  6.045087265588e+01 , -2.081878800008e+01 ) (  2.069364688957e+01 ,  6.008750459187e+01 ) ( -1.280471755762e+02 ,  1.836044107662e-08 )
    9    3     ( -3.632242250903e-10 ,  2.146764906523e-01 ) (  9.702750658496e+00 , -3.004934148269e-10 ) (  1.568055888205e+00 ,  4.553115532315e+00 )
    9    4     ( -3.469376954563e-02 , -1.007392312276e-01 ) (  4.553119163426e+00 , -1.568057138328e+00 ) (  4.705590606404e-10 ,  9.702742923544e+00 )
    9    5     (  2.181714538873e-11 , -1.343156543010e+00 ) ( -1.506162517590e+00 , -2.190458817321e-11 ) ( -2.434968936480e-01 , -7.070344226462e-01 )
    9    6     ( -2.170669203008e-01 , -6.302905234158e-01 ) (  7.067828144864e-01 , -2.434102420315e-01 ) (  4.616529691406e-11 ,  1.506698696584e+00 )
    9    7     (  4.404727171121e-02 ,  5.835159757701e+01 ) ( -8.595565973997e+01 , -6.578999463879e-02 ) ( -1.425637549682e+01 , -3.943125315104e+01 )
    9    8     ( -9.185722365295e+00 , -2.639974516257e+01 ) ( -4.180289036396e+01 ,  1.425637554585e+01 ) ( -3.174891976982e-01 , -8.706857541711e+01 )
    9    9     (  6.300377286472e+01 ,  8.881784197001e-16 ) (  1.136495623160e+01 ,  1.138011499281e-15 ) ( -2.650061129591e+01 , -8.881784197001e-16 )
    9   10     ( -5.410159655460e+01 , -1.018201118452e+01 ) (  5.333126843899e+00 ,  4.198624774694e+01 ) ( -3.300007241810e+01 ,  1.136495603107e+01 )
    9   11     (  7.186301630548e+01 , -9.081243489577e-03 ) (  9.121294208331e-03 , -7.212726504985e+01 ) (  3.380268083629e+01 , -1.166061837590e+01 )
    9   12     ( -3.365425690874e+01 ,  1.160960407695e+01 ) ( -1.166061833048e+01 , -3.391501823573e+01 ) (  7.217998091497e+01 , -9.033523371908e-03 )
   10    1     ( -6.045087265588e+01 , -2.081878800009e+01 ) ( -2.069364688958e+01 ,  6.008750459187e+01 ) (  1.280471755762e+02 ,  1.841665076901e-08 )
   10    2     ( -1.288215232538e+02 , -2.622308947064e-08 ) ( -2.551252413468e-08 , -1.280471809155e+02 ) ( -6.008750175462e+01 , -2.069364600608e+01 )
   10    3     ( -3.469376954189e-02 ,  1.007392312438e-01 ) (  4.553119163403e+00 ,  1.568057138331e+00 ) (  4.688469616349e-10 , -9.702742923475e+00 )
   10    4     (  3.555642872886e-10 ,  2.146764907225e-01 ) ( -9.702750658438e+00 , -2.989249941075e-10 ) ( -1.568055888210e+00 ,  4.553115532297e+00 )
   10    5     (  2.170669203030e-01 , -6.302905234222e-01 ) ( -7.067828144878e-01 , -2.434102420305e-01 ) ( -3.965591600472e-11 ,  1.506698696595e+00 )
   10    6     (  1.389203348736e-11 ,  1.343156543012e+00 ) ( -1.506162517570e+00 ,  2.753455900995e-11 ) ( -2.434968936441e-01 ,  7.070344226332e-01 )
   10    7     ( -9.185722365336e+00 ,  2.639974516243e+01 ) ( -4.180289036367e+01 , -1.425637554588e+01 ) ( -3.174891977039e-01 ,  8.706857541635e+01 )
   10    8     ( -4.404727171065e-02 ,  5.835159757628e+01 ) (  8.595565973937e+01 , -6.578999463211e-02 ) (  1.425637549687e+01 , -3.943125315083e+01 )
   10    9     ( -5.410159655460e+01 ,  1.018201118452e+01 ) (  5.333126843899e+00 , -4.198624774694e+01 ) ( -3.300007241810e+01 , -1.136495603107e+01 )
   10   10     ( -6.300377286444e+01 , -8.881784197001e-16 ) ( -1.136495623162e+01 ,  1.472376951447e-15 ) (  2.650061129614e+01 ,  0.000000000000e+00 )
   10   11     (  3.365425690875e+01 ,  1.160960407701e+01 ) (  1.166061833054e+01 , -3.391501823573e+01 ) ( -7.217998091493e+01 , -9.033523498196e-03 )
   10   12     (  7.186301630544e+01 ,  9.081243612867e-03 ) (  9.121294080722e-03 ,  7.212726504983e+01 ) (  3.380268083629e+01 ,  1.166061837596e+01 )
   11    1     ( -8.274393603434e-02 , -1.377606402632e-04 ) ( -1.377284803569e-04 ,  8.271629602849e-02 ) ( -1.062563398441e+02 , -5.352449905630e-12 )
   11    2     (  1.062915534104e+02 , -4.623175039656e-12 ) ( -6.264237893489e-12 ,  1.062563373640e+02 ) ( -8.271652360453e-02 , -1.377284835591e-04 )
   11    3     ( -5.318026868045e-06 ,  3.193908583353e-03 ) (  3.996952798964e-03 ,  6.654663177439e-06 ) (  6.010511816855e-12 ,  5.134433213038e+00 )
   11    4     (  5.908364405125e-12 , -4.102849940379e+00 ) (  5.134429703489e+00 ,  4.431834057054e-12 ) ( -6.654667734472e-06 ,  3.996956055644e-03 )
   11    5     (  1.420448635951e-06 , -8.531256820843e-04 ) ( -8.641728410393e-04 , -1.438830936026e-06 ) (  2.643169250775e-12 , -1.109861073633e+00 )
   11    6     (  7.619991153221e-13 , -1.095913221422e+00 ) (  1.110104335534e+00 ,  8.439686150184e-13 ) ( -1.438515603090e-06 ,  8.639835385002e-04 )
   11    7     (  6.245523506508e-02 , -2.917221530942e-01 ) (  2.419244327340e-01 ,  5.798606164367e-02 ) ( -4.549126370177e-05 , -1.872222516865e+01 )
   11    8     ( -4.824085810247e-05 ,  2.014834353621e+01 ) ( -1.872262438278e+01 ,  4.482631641282e-05 ) ( -5.798606206995e-02 , -2.710737878330e-01 )
   11    9     (  7.186301630548e+01 ,  9.081243489577e-03 ) (  9.121294208331e-03 ,  7.212726504985e+01 ) (  3.380268083629e+01 ,  1.166061837590e+01 )
   11   10     (  3.365425690875e+01 , -1.160960407701e+01 ) (  1.166061833054e+01 ,  3.391501823573e+01 ) ( -7.217998091493e+01 ,  9.033523498196e-03 )
   11   11     (  4.804579567517e-01 ,  0.000000000000e+00 ) (  7.999415144322e-04 , -7.055660331547e-18 ) (  3.085889396442e+02 , -5.293955920339e-23 )
   11   12     ( -3.085945860925e+02 ,  6.227850634447e-07 ) (  6.226727454760e-07 , -3.085893137827e+02 ) (  4.804491656694e-01 ,  7.999415118667e-04 )
   12    1     (  1.062915534104e+02 ,  9.569688666749e-11 ) (  8.476174627386e-11 , -1.062563373640e+02 ) ( -8.271652360231e-02 ,  1.377284796164e-04 )
   12    2     (  8.274393603071e-02 , -1.377606363606e-04 ) (  1.377284763878e-04 ,  8.271629602627e-02 ) (  1.062563398441e+02 ,  8.567355890302e-11 )
   12    3     ( -2.767510794421e-12 , -4.102849940375e+00 ) ( -5.134429703478e+00 ,  8.456057467574e-13 ) (  6.654667583065e-06 ,  3.996956050143e-03 )
   12    4     ( -5.318026717008e-06 , -3.193908588627e-03 ) (  3.996952793475e-03 , -6.654663026316e-06 ) (  9.596728966988e-12 , -5.134433213042e+00 )
   12    5     ( -3.618807909803e-12 ,  1.095913221433e+00 ) (  1.110104335545e+00 ,  3.671201227106e-12 ) ( -1.438515594480e-06 , -8.639835324722e-04 )
   12    6     ( -1.420448646604e-06 , -8.531256880471e-04 ) (  8.641728349984e-04 , -1.438830851486e-06 ) (  1.872655090798e-12 , -1.109861073622e+00 )
   12    7     (  4.824087944043e-05 ,  2.014834353617e+01 ) (  1.872262438265e+01 ,  4.482630704449e-05 ) (  5.798606206246e-02 , -2.710737879664e-01 )
   12    8     (  6.245523507278e-02 ,  2.917221529606e-01 ) (  2.419244325992e-01 , -5.798606165180e-02 ) ( -4.549125433271e-05 ,  1.872222516869e+01 )
   12    9     ( -3.365425690874e+01 , -1.160960407695e+01 ) ( -1.166061833048e+01 ,  3.391501823573e+01 ) (  7.217998091497e+01 ,  9.033523371908e-03 )
   12   10     (  7.186301630544e+01 , -9.081243612867e-03 ) (  9.121294080722e-03 , -7.212726504983e+01 ) (  3.380268083629e+01 , -1.166061837596e+01 )
   12   11     ( -3.085945860925e+02 , -6.227850634447e-07 ) (  6.226727454760e-07 ,  3.085893137827e+02 ) (  4.804491656694e-01 , -7.999415118667e-04 )
   12   12     ( -4.804579567484e-01 ,  0.000000000000e+00 ) ( -7.999415101198e-04 , -6.553066667431e-18 ) ( -3.085889396442e+02 ,  0.000000000000e+00 )
# SD contribution '1/2 * P * OPERATOR ('+ 1/2 * FC' for diagonal terms)'
    1    1     ( -1.477816296498e-07 , -8.271806125530e-25 ) (  1.616691056853e-08 ,  7.992384002469e-18 ) ( -7.220279422081e+01 , -8.077935669463e-28 )
    1    2     (  6.963297829145e+01 , -2.651700630394e-10 ) ( -2.641508369304e-10 , -1.415350682143e+02 ) ( -1.533554550067e-07 , -7.379061919838e-09 )
    1    3     (  2.795550096338e-11 , -1.941606058138e-09 ) ( -1.049377950842e-07 , -4.740734564678e-09 ) (  1.199442899449e-10 ,  1.004439203823e+02 )
    1    4     ( -1.237854201056e-10 ,  1.669557405111e+00 ) ( -1.046535895747e+02 , -3.399864656676e-12 ) ( -4.552219378412e-09 ,  1.126001561934e-07 )
    1    5     (  6.121807182164e-09 , -1.026798014114e-07 ) (  1.024639714199e-07 ,  5.342556164907e-09 ) (  5.438055571549e-13 ,  1.370933634976e+00 )
    1    6     ( -2.162804848728e-10 , -9.375116780741e+01 ) ( -9.958731829057e+01 ,  2.121659130965e-10 ) (  8.653675712693e-10 , -1.595155085223e-09 )
    1    7     ( -7.621563748353e-03 ,  3.369959106666e-02 ) (  6.364335292422e-01 ,  1.439370320772e-01 ) (  2.217416579793e-10 ,  4.407171828384e+01 )
    1    8     ( -4.975718248070e-11 , -2.459805975902e+00 ) ( -4.645466327465e+01 ,  1.300945344896e-10 ) (  1.365536178659e-01 ,  6.037870401675e-01 )
    1    9     ( -9.506264403396e+00 , -2.227626473079e-09 ) ( -4.912855483101e-09 , -2.578918116477e+01 ) (  1.657174420235e+01 ,  5.707173676424e+00 )
    1   10     ( -4.460915878600e+00 ,  1.536303082507e+00 ) ( -4.167777883746e+00 , -1.210184816778e+01 ) ( -3.531458252894e+01 ,  5.619815033038e-09 )
    1   11     ( -8.087260368172e-03 ,  1.346450120020e-05 ) ( -3.589432257981e-05 , -2.155754428472e-02 ) (  3.809079066920e+01 , -8.668467672125e-13 )
    1   12     (  1.038876361800e+01 , -1.134695342572e-11 ) (  6.367057573266e-12 ,  2.769255632846e+01 ) (  2.965223587295e-02 ,  4.937241548003e-05 )
    2    1     (  6.963297829145e+01 ,  2.651700630394e-10 ) ( -2.641508369304e-10 ,  1.415350682143e+02 ) ( -1.533554550067e-07 ,  7.379061919838e-09 )
    2    2     (  1.477792463299e-07 , -8.271806125530e-25 ) ( -1.616980313505e-08 ,  7.992357109203e-18 ) (  7.220279422080e+01 ,  5.654554968624e-27 )
    2    3     (  1.286038647807e-10 ,  1.669557405117e+00 ) (  1.046535895747e+02 , -2.504134839249e-12 ) (  4.552073675932e-09 ,  1.125939985182e-07 )
    2    4     (  2.793162140078e-11 ,  1.943034543254e-09 ) ( -1.049329978175e-07 ,  4.740782860958e-09 ) (  1.214708536321e-10 , -1.004439203823e+02 )
    2    5     ( -2.154060509095e-10 ,  9.375116780741e+01 ) ( -9.958731829057e+01 , -2.148465757237e-10 ) (  8.659989685047e-10 ,  1.600400667285e-09 )
    2    6     ( -6.121847931121e-09 , -1.026772474480e-07 ) ( -1.024600390012e-07 ,  5.343208585788e-09 ) (  5.082878101516e-12 ,  1.370933634982e+00 )
    2    7     (  5.512094687562e-11 , -2.459805975895e+00 ) (  4.645466327468e+01 ,  1.360288822630e-10 ) ( -1.365536178684e-01 ,  6.037870400990e-01 )
    2    8     ( -7.621563753365e-03 , -3.369959105015e-02 ) (  6.364335292941e-01 , -1.439370320775e-01 ) (  2.222203018904e-10 , -4.407171828381e+01 )
    2    9     (  4.460915878600e+00 ,  1.536303082502e+00 ) (  4.167777883741e+00 , -1.210184816783e+01 ) (  3.531458252906e+01 ,  5.601995344729e-09 )
    2   10     ( -9.506264403410e+00 ,  2.242454897650e-09 ) ( -4.908426285110e-09 ,  2.578918116465e+01 ) (  1.657174420230e+01 , -5.707173676440e+00 )
    2   11     (  1.038876361800e+01 ,  4.298610176839e-12 ) ( -2.326524432694e-12 , -2.769255632848e+01 ) (  2.965223588125e-02 , -4.937241635251e-05 )
    2   12     (  8.087260367040e-03 ,  1.346450086188e-05 ) (  3.589432231548e-05 , -2.155754427737e-02 ) ( -3.809079066920e+01 ,  1.489293812146e-11 )
    3    1     (  2.795550096338e-11 ,  1.941605563696e-09 ) ( -1.049377946780e-07 ,  4.740734564678e-09 ) (  1.199442899449e-10 , -1.004439203823e+02 )
    3    2     (  1.286038647807e-10 , -1.669557405117e+00 ) (  1.046535895747e+02 ,  2.504134839249e-12 ) (  4.552073675932e-09 , -1.125939984964e-07 )
    3    3     ( -6.485233908546e-09 ,  3.069615554396e-26 ) ( -1.913767584094e-09 ,  1.066655367488e-16 ) ( -1.267166561184e+02 , -3.231174267785e-27 )
    3    4     (  5.445940053069e+01 , -1.444557557714e-11 ) (  1.618956693527e-11 , -7.226665736820e+01 ) ( -1.508579150848e-08 ,  1.917074121196e-09 )
    3    5     (  7.760343360626e-09 , -1.776000161191e-12 ) (  8.736801193943e-10 ,  2.060792029942e-10 ) (  8.351071933892e+01 ,  9.409237366483e-11 )
    3    6     (  8.444927738390e+01 , -4.832162613215e-12 ) ( -9.672371899328e-11 , -5.224064653491e+00 ) ( -7.605229204802e-09 ,  8.712778586492e-10 )
    3    7     ( -3.963867122488e-03 , -8.964755835227e-04 ) (  2.302194814697e-02 , -1.017941005064e-01 ) (  7.317170006929e+00 , -1.191662449881e-12 )
    3    8     (  2.893311803653e-01 ,  1.442498011868e-11 ) ( -1.757608507338e-11 ,  7.430171519329e+00 ) (  1.002459683978e-01 , -2.267181962715e-02 )
    3    9     (  1.171217373359e-10 , -3.275661979061e-01 ) (  1.620545535743e+01 ,  8.140094793924e-11 ) ( -2.673956752528e+00 ,  7.764285775323e+00 )
    3   10     ( -5.293782472152e-02 , -1.537139288119e-01 ) (  7.604582651553e+00 , -2.618956297538e+00 ) ( -2.819844222423e-10 , -1.654578460220e+01 )
    3   11     ( -6.240818090692e-07 , -3.748312285917e-04 ) ( -2.721252638331e-02 ,  4.530807135372e-05 ) (  4.054831386619e-11 , -3.464061769047e+01 )
    3   12     (  4.202516767133e-11 ,  4.815054984871e-01 ) (  3.495682935791e+01 ,  9.903579481843e-12 ) (  4.489821067557e-05 , -2.696636989684e-02 )
    4    1     ( -1.237854201056e-10 , -1.669557405111e+00 ) ( -1.046535895747e+02 ,  3.399864656676e-12 ) ( -4.552219378412e-09 , -1.126001561716e-07 )
    4    2     (  2.793162140078e-11 , -1.943034048812e-09 ) ( -1.049329974112e-07 , -4.740782860958e-09 ) (  1.214708536321e-10 ,  1.004439203823e+02 )
    4    3     (  5.445940053069e+01 ,  1.444557557714e-11 ) (  1.618956693527e-11 ,  7.226665736820e+01 ) ( -1.508579150848e-08 , -1.917074121196e-09 )
    4    4     (  6.484989674334e-09 ,  3.069615554396e-26 ) (  1.913775740692e-09 ,  1.066655361064e-16 ) (  1.267166561185e+02 , -3.231174267785e-27 )
    4    5     ( -8.444927738391e+01 , -3.145094050529e-12 ) (  9.277930986465e-11 , -5.224064653503e+00 ) (  7.601641078186e-09 ,  8.712318990294e-10 )
    4    6     (  7.761956317765e-09 ,  1.777937434770e-12 ) (  8.737272642007e-10 , -2.043463763055e-10 ) (  8.351071933891e+01 , -9.594763203129e-11 )
    4    7     (  2.893311803739e-01 , -1.049447400997e-11 ) ( -6.932139681679e-12 , -7.430171519301e+00 ) (  1.002459684279e-01 ,  2.267181962826e-02 )
    4    8     (  3.963867123900e-03 , -8.964755847080e-04 ) ( -2.302194814689e-02 , -1.017941004789e-01 ) ( -7.317170006971e+00 , -7.500205930507e-12 )
    4    9     ( -5.293782471723e-02 ,  1.537139288067e-01 ) (  7.604582651546e+00 ,  2.618956297551e+00 ) ( -3.049916835514e-10 ,  1.654578460219e+01 )
    4   10     ( -1.270526567238e-10 , -3.275661979106e-01 ) ( -1.620545535744e+01 ,  6.468273593303e-11 ) (  2.673956752513e+00 ,  7.764285775325e+00 )
    4   11     ( -4.186405315846e-11 ,  4.815054984879e-01 ) ( -3.495682935791e+01 , -4.266706905435e-12 ) ( -4.489821018193e-05 , -2.696636989271e-02 )
    4   12     ( -6.240817795453e-07 ,  3.748312293275e-04 ) ( -2.721252638663e-02 , -4.530807183864e-05 ) (  2.633818911478e-11 ,  3.464061769048e+01 )
    5    1     (  6.121807182164e-09 ,  1.026798012833e-07 ) (  1.024639722007e-07 , -5.342556164907e-09 ) (  5.438055571550e-13 , -1.370933634976e+00 )
    5    2     ( -2.154060509095e-10 , -9.375116780741e+01 ) ( -9.958731829057e+01 ,  2.148465757237e-10 ) (  8.659989685047e-10 , -1.600401289548e-09 )
    5    3     (  7.760346841094e-09 ,  1.776000161191e-12 ) (  8.736801193943e-10 , -2.060707149199e-10 ) (  8.351071933892e+01 , -9.409237366483e-11 )
    5    4     ( -8.444927738391e+01 ,  3.145094050529e-12 ) (  9.277930986465e-11 ,  5.224064653503e+00 ) (  7.601638065911e-09 , -8.712318990294e-10 )
    5    5     ( -6.161254501436e-09 ,  1.033975765691e-25 ) ( -9.252248958732e-10 , -1.143993606536e-16 ) ( -4.825681968316e+01 ,  0.000000000000e+00 )
    5    6     ( -9.463088091194e+01 ,  1.725821049896e-10 ) (  1.735059716314e-10 ,  4.648317254738e+01 ) (  3.033706092118e-09 , -9.375123175180e-10 )
    5    7     (  4.021642282901e-02 ,  9.095422863575e-03 ) (  8.301055186724e-03 , -3.670403725741e-02 ) (  6.623813347405e-01 , -1.030582808601e-11 )
    5    8     ( -2.935483637661e+00 , -5.554586053409e-12 ) (  7.906492433135e-12 ,  2.679107051472e+00 ) (  9.074691466489e-03 , -2.052349519067e-03 )
    5    9     (  8.149394593776e-12 ,  9.775135191590e+00 ) (  9.323781082107e+00 , -6.932328148090e-11 ) (  1.173056378781e-01 , -3.406167641320e-01 )
    5   10     (  1.579755168935e+00 ,  4.587086375901e+00 ) (  4.375283650457e+00 , -1.506812036045e+00 ) ( -2.684311596246e-11 ,  7.258583428091e-01 )
    5   11     ( -5.992824311910e-06 , -3.599356200552e-03 ) ( -3.511612111535e-03 ,  5.846745407822e-06 ) ( -5.662087364518e-12 ,  4.328394690215e-01 )
    5   12     (  4.774997326491e-12 ,  4.623682263721e+00 ) (  4.510967666626e+00 , -1.087031341445e-11 ) ( -5.611122316965e-07 ,  3.369487782221e-04 )
    6    1     ( -2.162804848728e-10 ,  9.375116780741e+01 ) ( -9.958731829057e+01 , -2.121659130965e-10 ) (  8.653675712693e-10 ,  1.595155707487e-09 )
    6    2     ( -6.121847931121e-09 ,  1.026772473199e-07 ) ( -1.024600397820e-07 , -5.343208585788e-09 ) (  5.082878101516e-12 , -1.370933634982e+00 )
    6    3     (  8.444927738390e+01 ,  4.832162613215e-12 ) ( -9.672371899328e-11 ,  5.224064653491e+00 ) ( -7.605226192527e-09 , -8.712778586492e-10 )
    6    4     (  7.761959798234e-09 , -1.777937434770e-12 ) (  8.737272642007e-10 ,  2.043378882313e-10 ) (  8.351071933891e+01 ,  9.594763203129e-11 )
    6    5     ( -9.463088091194e+01 , -1.725821049896e-10 ) (  1.735059716314e-10 , -4.648317254738e+01 ) (  3.033706092118e-09 ,  9.375123175180e-10 )
    6    6     (  6.161986474443e-09 ,  2.067951531383e-25 ) (  9.252759144005e-10 , -1.143993606439e-16 ) (  4.825681968315e+01 ,  5.048709793414e-28 )
    6    7     (  2.935483637655e+00 ,  9.979258443819e-13 ) ( -2.107675424213e-11 ,  2.679107051470e+00 ) ( -9.074691457319e-03 , -2.052349518031e-03 )
    6    8     (  4.021642281103e-02 , -9.095422869267e-03 ) (  8.301055191114e-03 ,  3.670403724923e-02 ) (  6.623813347459e-01 ,  1.800257211471e-11 )
    6    9     ( -1.579755168938e+00 ,  4.587086375906e+00 ) ( -4.375283650462e+00 , -1.506812036043e+00 ) (  1.005001473907e-11 ,  7.258583428084e-01 )
    6   10     (  9.107480530963e-12 , -9.775135191604e+00 ) (  9.323781082127e+00 ,  5.978648990580e-11 ) (  1.173056378709e-01 ,  3.406167641325e-01 )
    6   11     (  1.242888072292e-11 , -4.623682263721e+00 ) (  4.510967666640e+00 ,  3.051189492526e-11 ) ( -5.611121954790e-07 , -3.369487851683e-04 )
    6   12     (  5.992824666764e-06 , -3.599356197123e-03 ) (  3.511612123102e-03 ,  5.846745776442e-06 ) (  1.764248640986e-11 ,  4.328394690080e-01 )
    7    1     ( -7.621563748353e-03 , -3.369959106666e-02 ) (  6.364335292422e-01 , -1.439370320772e-01 ) (  2.217416577814e-10 , -4.407171828384e+01 )
    7    2     (  5.512094771428e-11 ,  2.459805975895e+00 ) (  4.645466327468e+01 , -1.360288797206e-10 ) ( -1.365536178684e-01 , -6.037870400990e-01 )
    7    3     ( -3.963867122488e-03 ,  8.964755835227e-04 ) (  2.302194814697e-02 ,  1.017941005064e-01 ) (  7.317170006929e+00 ,  1.191661913377e-12 )
    7    4     (  2.893311803739e-01 ,  1.049447526959e-11 ) ( -6.932139586114e-12 ,  7.430171519301e+00 ) (  1.002459684279e-01 , -2.267181962826e-02 )
    7    5     (  4.021642282902e-02 , -9.095422863575e-03 ) (  8.301055186724e-03 ,  3.670403725741e-02 ) (  6.623813347405e-01 ,  1.030582678397e-11 )
    7    6     (  2.935483637655e+00 , -9.979236197276e-13 ) ( -2.107675394157e-11 , -2.679107051470e+00 ) ( -9.074691457318e-03 ,  2.052349518031e-03 )
    7    7     ( -6.128718177623e-01 , -6.938893903907e-18 ) ( -3.158714972192e-01 ,  5.953146257596e-18 ) ( -6.431202038170e+01 , -2.168404344971e-19 )
    7    8     (  2.236343618751e+01 ,  1.898947161142e-03 ) ( -4.327471371692e-03 , -5.098172758863e+01 ) ( -1.762510085606e+00 ,  3.986126473836e-01 )
    7    9     (  9.418133116854e-03 , -1.247666626797e+01 ) ( -8.057743284185e+01 ,  6.167352898984e-02 ) (  1.002159039083e+01 , -2.771839642840e+01 )
    7   10     ( -1.964079770629e+00 , -5.644760787710e+00 ) ( -3.918729262331e+01 ,  1.336435723440e+01 ) (  2.231806182238e-01 ,  6.120529014568e+01 )
    7   11     (  9.470835012999e-03 ,  4.423732401705e-02 ) ( -4.923189474226e-01 ,  1.180022885221e-01 ) ( -8.494722982949e-05 ,  3.496059401113e+01 )
    7   12     (  7.315324149920e-06 , -3.055334565575e+00 ) ( -3.810075144995e+01 ,  9.122199087462e-05 ) (  1.082791793522e-01 ,  5.061845247826e-01 )
    8    1     ( -4.975718331936e-11 ,  2.459805975902e+00 ) ( -4.645466327465e+01 , -1.300945319472e-10 ) (  1.365536178659e-01 , -6.037870401675e-01 )
    8    2     ( -7.621563753365e-03 ,  3.369959105015e-02 ) (  6.364335292941e-01 ,  1.439370320775e-01 ) (  2.222203016924e-10 ,  4.407171828381e+01 )
    8    3     (  2.893311803653e-01 , -1.442498137831e-11 ) ( -1.757608497782e-11 , -7.430171519329e+00 ) (  1.002459683978e-01 ,  2.267181962715e-02 )
    8    4     (  3.963867123901e-03 ,  8.964755847080e-04 ) ( -2.302194814689e-02 ,  1.017941004789e-01 ) ( -7.317170006971e+00 ,  7.500205394003e-12 )
    8    5     ( -2.935483637661e+00 ,  5.554588278064e-12 ) (  7.906492132575e-12 , -2.679107051472e+00 ) (  9.074691466489e-03 ,  2.052349519067e-03 )
    8    6     (  4.021642281103e-02 ,  9.095422869267e-03 ) (  8.301055191114e-03 , -3.670403724923e-02 ) (  6.623813347459e-01 , -1.800257081267e-11 )
    8    7     (  2.236343618751e+01 , -1.898947161142e-03 ) ( -4.327471371692e-03 ,  5.098172758863e+01 ) ( -1.762510085606e+00 , -3.986126473836e-01 )
    8    8     (  6.128718177164e-01 , -6.938893903907e-18 ) (  3.158714972509e-01 , -1.608823200476e-18 ) (  6.431202038196e+01 ,  0.000000000000e+00 )
    8    9     ( -1.964079770634e+00 ,  5.644760787857e+00 ) ( -3.918729262332e+01 , -1.336435723442e+01 ) (  2.231806182523e-01 , -6.120529014556e+01 )
    8   10     ( -9.418133105952e-03 , -1.247666626806e+01 ) (  8.057743284193e+01 ,  6.167352899531e-02 ) ( -1.002159039079e+01 , -2.771839642827e+01 )
    8   11     ( -7.315318213395e-06 , -3.055334565596e+00 ) (  3.810075145014e+01 ,  9.122202746142e-05 ) ( -1.082791793729e-01 ,  5.061845245909e-01 )
    8   12     (  9.470835015355e-03 , -4.423732399666e-02 ) ( -4.923189472095e-01 , -1.180022885398e-01 ) ( -8.494719992069e-05 , -3.496059401130e+01 )
    9    1     ( -9.506264403396e+00 ,  2.227626507057e-09 ) ( -4.912855453483e-09 ,  2.578918116477e+01 ) (  1.657174420235e+01 , -5.707173676424e+00 )
    9    2     (  4.460915878601e+00 , -1.536303082502e+00 ) (  4.167777883741e+00 ,  1.210184816783e+01 ) (  3.531458252906e+01 , -5.601995381081e-09 )
    9    3     (  1.171217570534e-10 ,  3.275661979061e-01 ) (  1.620545535743e+01 , -8.140094735354e-11 ) ( -2.673956752528e+00 , -7.764285775323e+00 )
    9    4     ( -5.293782471723e-02 , -1.537139288067e-01 ) (  7.604582651546e+00 , -2.618956297551e+00 ) ( -3.049916918230e-10 , -1.654578460219e+01 )
    9    5     (  8.149418904921e-12 , -9.775135191590e+00 ) (  9.323781082107e+00 ,  6.932327925931e-11 ) (  1.173056378781e-01 ,  3.406167641320e-01 )
    9    6     ( -1.579755168938e+00 , -4.587086375906e+00 ) ( -4.375283650462e+00 ,  1.506812036043e+00 ) (  1.005002267716e-11 , -7.258583428084e-01 )
    9    7     (  9.418133116854e-03 ,  1.247666626797e+01 ) ( -8.057743284185e+01 , -6.167352898984e-02 ) (  1.002159039083e+01 ,  2.771839642840e+01 )
    9    8     ( -1.964079770634e+00 , -5.644760787857e+00 ) ( -3.918729262332e+01 ,  1.336435723442e+01 ) (  2.231806182523e-01 ,  6.120529014556e+01 )
    9    9     ( -5.643948566163e+01 ,  1.776356839400e-15 ) ( -3.002094856608e+00 ,  1.781920351820e-15 ) ( -5.100565257598e+01 ,  8.881784197001e-16 )
    9   10     (  4.846481637797e+01 ,  9.121159704042e+00 ) ( -1.408765010238e+00 , -1.109082127220e+01 ) ( -6.351514725453e+01 ,  2.187409914872e+01 )
    9   11     (  1.095092060307e+01 , -1.383854242671e-03 ) ( -1.410890068958e-02 ,  1.115671156706e+02 ) (  4.716647049811e+01 , -1.627060928588e+01 )
    9   12     ( -5.128439001455e+00 ,  1.769141611829e+00 ) (  1.803675147435e+01 ,  5.246006153102e+01 ) (  1.007161223982e+02 , -1.260490147009e-02 )
   10    1     ( -4.460915878600e+00 , -1.536303082507e+00 ) ( -4.167777883746e+00 ,  1.210184816778e+01 ) ( -3.531458252894e+01 , -5.619815069390e-09 )
   10    2     ( -9.506264403410e+00 , -2.242454931628e-09 ) ( -4.908426255493e-09 , -2.578918116465e+01 ) (  1.657174420230e+01 ,  5.707173676440e+00 )
   10    3     ( -5.293782472152e-02 ,  1.537139288119e-01 ) (  7.604582651553e+00 ,  2.618956297538e+00 ) ( -2.819844305139e-10 ,  1.654578460220e+01 )
   10    4     ( -1.270526764413e-10 ,  3.275661979106e-01 ) ( -1.620545535744e+01 , -6.468273534734e-11 ) (  2.673956752513e+00 , -7.764285775325e+00 )
   10    5     (  1.579755168935e+00 , -4.587086375901e+00 ) (  4.375283650457e+00 ,  1.506812036045e+00 ) ( -2.684312390055e-11 , -7.258583428091e-01 )
   10    6     (  9.107504842107e-12 ,  9.775135191604e+00 ) (  9.323781082127e+00 , -5.978648768421e-11 ) (  1.173056378709e-01 , -3.406167641325e-01 )
   10    7     ( -1.964079770629e+00 ,  5.644760787710e+00 ) ( -3.918729262331e+01 , -1.336435723440e+01 ) (  2.231806182238e-01 , -6.120529014568e+01 )
   10    8     ( -9.418133105952e-03 ,  1.247666626806e+01 ) (  8.057743284193e+01 , -6.167352899531e-02 ) ( -1.002159039079e+01 ,  2.771839642827e+01 )
   10    9     (  4.846481637797e+01 , -9.121159704042e+00 ) ( -1.408765010238e+00 ,  1.109082127220e+01 ) ( -6.351514725453e+01 , -2.187409914872e+01 )
   10   10     (  5.643948566161e+01 ,  1.776356839400e-15 ) (  3.002094856583e+00 ,  1.672914774731e-15 ) (  5.100565257570e+01 ,  4.440892098501e-16 )
   10   11     (  5.128439001448e+00 ,  1.769141611838e+00 ) ( -1.803675147433e+01 ,  5.246006153103e+01 ) ( -1.007161223982e+02 , -1.260490143599e-02 )
   10   12     (  1.095092060308e+01 ,  1.383854274439e-03 ) ( -1.410890069267e-02 , -1.115671156706e+02 ) (  4.716647049812e+01 ,  1.627060928585e+01 )
   11    1     ( -8.087260368171e-03 , -1.346450120020e-05 ) ( -3.589432257981e-05 ,  2.155754428472e-02 ) (  3.809079066920e+01 ,  8.668467667861e-13 )
   11    2     (  1.038876361800e+01 , -4.298610176345e-12 ) ( -2.326524432642e-12 ,  2.769255632848e+01 ) (  2.965223588125e-02 ,  4.937241635251e-05 )
   11    3     ( -6.240818090692e-07 ,  3.748312285910e-04 ) ( -2.721252638331e-02 , -4.530807135372e-05 ) (  4.054831386617e-11 ,  3.464061769047e+01 )
   11    4     ( -4.186405315755e-11 , -4.815054984879e-01 ) ( -3.495682935791e+01 ,  4.266706906902e-12 ) ( -4.489821018193e-05 ,  2.696636989271e-02 )
   11    5     ( -5.992824311910e-06 ,  3.599356200553e-03 ) ( -3.511612111535e-03 , -5.846745407822e-06 ) ( -5.662087364523e-12 , -4.328394690215e-01 )
   11    6     (  1.242888072295e-11 ,  4.623682263721e+00 ) (  4.510967666640e+00 , -3.051189492521e-11 ) ( -5.611121954790e-07 ,  3.369487851683e-04 )
   11    7     (  9.470835012999e-03 , -4.423732401705e-02 ) ( -4.923189474226e-01 , -1.180022885221e-01 ) ( -8.494722982949e-05 , -3.496059401113e+01 )
   11    8     ( -7.315318213395e-06 ,  3.055334565596e+00 ) (  3.810075145014e+01 , -9.122202746142e-05 ) ( -1.082791793729e-01 , -5.061845245909e-01 )
   11    9     (  1.095092060307e+01 ,  1.383854242671e-03 ) ( -1.410890068958e-02 , -1.115671156706e+02 ) (  4.716647049811e+01 ,  1.627060928588e+01 )
   11   10     (  5.128439001448e+00 , -1.769141611838e+00 ) ( -1.803675147433e+01 , -5.246006153103e+01 ) ( -1.007161223982e+02 ,  1.260490143599e-02 )
   11   11     ( -3.356817118688e-02 ,  3.388131789017e-21 ) (  4.640481897710e-05 , -3.133357472216e-18 ) (  3.658733047312e+00 ,  0.000000000000e+00 )
   11   12     (  2.156058551220e+01 , -4.354562213047e-08 ) (  3.615843791688e-08 , -1.790146426637e+01 ) (  5.696368721387e-03 ,  9.484668056560e-06 )
   12    1     (  1.038876361800e+01 ,  1.134695342522e-11 ) (  6.367057573318e-12 , -2.769255632846e+01 ) (  2.965223587295e-02 , -4.937241548003e-05 )
   12    2     (  8.087260367040e-03 , -1.346450086188e-05 ) (  3.589432231548e-05 ,  2.155754427737e-02 ) ( -3.809079066920e+01 , -1.489293812189e-11 )
   12    3     (  4.202516767042e-11 , -4.815054984871e-01 ) (  3.495682935791e+01 , -9.903579480376e-12 ) (  4.489821067557e-05 ,  2.696636989684e-02 )
   12    4     ( -6.240817795453e-07 , -3.748312293268e-04 ) ( -2.721252638663e-02 ,  4.530807183864e-05 ) (  2.633818911477e-11 , -3.464061769048e+01 )
   12    5     (  4.774997326518e-12 , -4.623682263721e+00 ) (  4.510967666626e+00 ,  1.087031341440e-11 ) ( -5.611122316965e-07 , -3.369487782221e-04 )
   12    6     (  5.992824666764e-06 ,  3.599356197123e-03 ) (  3.511612123102e-03 , -5.846745776442e-06 ) (  1.764248640987e-11 , -4.328394690080e-01 )
   12    7     (  7.315324149920e-06 ,  3.055334565575e+00 ) ( -3.810075144995e+01 , -9.122199087462e-05 ) (  1.082791793522e-01 , -5.061845247826e-01 )
   12    8     (  9.470835015355e-03 ,  4.423732399666e-02 ) ( -4.923189472095e-01 ,  1.180022885398e-01 ) ( -8.494719992069e-05 ,  3.496059401130e+01 )
   12    9     ( -5.128439001455e+00 , -1.769141611829e+00 ) (  1.803675147435e+01 , -5.246006153102e+01 ) (  1.007161223982e+02 ,  1.260490147009e-02 )
   12   10     (  1.095092060308e+01 , -1.383854274439e-03 ) ( -1.410890069267e-02 ,  1.115671156706e+02 ) (  4.716647049812e+01 , -1.627060928585e+01 )
   12   11     (  2.156058551220e+01 ,  4.354562213047e-08 ) (  3.615843791688e-08 ,  1.790146426637e+01 ) (  5.696368721387e-03 , -9.484668056560e-06 )
   12   12     (  3.356817118747e-02 ,  0.000000000000e+00 ) ( -4.640482586134e-05 , -3.084641360501e-18 ) ( -3.658733047297e+00 ,  0.000000000000e+00 )
# LI contribution 'P * OPERATOR'
    1    1     (  5.362362153582e-08 , -2.357816158792e-26 ) (  7.519717001131e-11 ,  4.011421774924e-19 ) (  6.205659619251e+00 ,  2.092798568485e-28 )
    1    2     ( -2.528438048700e+01 ,  3.290687582179e-11 ) (  2.991302606223e-11 , -2.056644588838e-01 ) (  1.320443069852e-08 ,  7.374054453404e-10 )
    1    3     ( -2.177686347411e-08 ,  3.848822241575e-07 ) (  2.595899479053e-09 ,  1.046321920966e-10 ) ( -4.978650350345e-12 , -4.509923733682e+00 )
    1    4     (  7.743072380424e-13 , -3.433138950250e+02 ) (  2.565473174264e+00 ,  4.022027751026e-10 ) (  2.173046394881e-10 , -5.310310418338e-09 )
    1    5     (  2.964449246154e-10 , -4.761909479144e-09 ) ( -1.038773009554e-08 , -3.033648846758e-09 ) ( -3.130706980941e-14 , -3.042841582947e+02 )
    1    6     (  2.234134655436e-11 , -4.648937053080e+00 ) (  1.012353585783e+01 , -6.551980262721e-12 ) ( -1.637727339663e-08 ,  3.332574174400e-07 )
    1    7     ( -4.962772451637e-01 ,  2.194345073685e+00 ) ( -2.115779473781e-03 , -4.785092791469e-04 ) ( -2.359741691464e-11 ,  1.428693880938e-01 )
    1    8     (  3.889406968562e-10 , -1.601699794923e+02 ) (  1.544354995547e-01 ,  1.539928752151e-10 ) (  4.426723596017e-04 ,  1.957317966347e-03 )
    1    9     (  2.855639197939e+01 ,  5.851322922138e-09 ) ( -1.414110497423e-09 ,  2.444548188198e-02 ) ( -1.085156679979e-01 , -3.737191228091e-02 )
    1   10     (  1.340039126600e+01 , -4.614985568335e+00 ) (  3.950622589777e-03 ,  1.147129248106e-02 ) (  2.312481726556e-01 , -2.151778302851e-10 )
    1   11     ( -2.256824017752e-03 ,  3.758123513286e-06 ) ( -1.476103415769e-09 , -8.868104604838e-07 ) ( -5.658905922305e-01 , -7.709314439945e-11 )
    1   12     (  2.899080646716e+00 , -3.656369713170e-12 ) ( -2.087384782291e-12 ,  1.129964587369e-03 ) ( -4.405240760011e-04 , -7.334977349100e-07 )
    2    1     ( -2.528438048700e+01 , -3.290687582179e-11 ) (  2.991302606223e-11 ,  2.056644588838e-01 ) (  1.320443069852e-08 , -7.374054453404e-10 )
    2    2     ( -5.363516456197e-08 ,  7.948476670179e-26 ) ( -7.518414066818e-11 ,  4.011421835044e-19 ) ( -6.205659619240e+00 , -5.170937804438e-28 )
    2    3     ( -5.718829718767e-12 , -3.433138950250e+02 ) ( -2.565473174258e+00 ,  4.132713736625e-10 ) ( -2.173039228137e-10 , -5.310072838027e-09 )
    2    4     ( -2.177677798068e-08 , -3.848795182947e-07 ) (  2.599492778833e-09 , -1.045784684377e-10 ) ( -1.572627057726e-12 ,  4.509923733668e+00 )
    2    5     (  6.064685642746e-12 ,  4.648937053080e+00 ) (  1.012353585783e+01 ,  9.293299282809e-12 ) ( -1.637722983458e-08 , -3.332572830774e-07 )
    2    6     ( -2.943668846325e-10 , -4.761058016538e-09 ) (  1.039232102897e-08 , -3.033234767308e-09 ) (  4.874808184468e-13 , -3.042841582947e+02 )
    2    7     ( -3.906121307028e-10 , -1.601699794923e+02 ) ( -1.544354995556e-01 ,  1.540816795701e-10 ) ( -4.426723560486e-04 ,  1.957317959800e-03 )
    2    8     ( -4.962772451586e-01 , -2.194345073740e+00 ) ( -2.115779473855e-03 ,  4.785092792767e-04 ) ( -7.347357949032e-12 , -1.428693880606e-01 )
    2    9     ( -1.340039126617e+01 , -4.614985568316e+00 ) ( -3.950622590054e-03 ,  1.147129248158e-02 ) ( -2.312481726236e-01 , -1.823171489951e-10 )
    2   10     (  2.855639197905e+01 , -5.850246965414e-09 ) ( -1.413194127416e-09 , -2.444548188061e-02 ) ( -1.085156680064e-01 ,  3.737191229224e-02 )
    2   11     (  2.899080646718e+00 ,  1.501069499140e-13 ) ( -2.123431448345e-12 , -1.129964587352e-03 ) ( -4.405240796419e-04 ,  7.334977862618e-07 )
    2   12     (  2.256824039836e-03 ,  3.758138936286e-06 ) (  1.476101238444e-09 , -8.868104723770e-07 ) (  5.658905922287e-01 , -8.037689075617e-11 )
    3    1     ( -2.177686347411e-08 , -3.848822241782e-07 ) (  2.595899495137e-09 , -1.046321920966e-10 ) ( -4.978650350345e-12 ,  4.509923733682e+00 )
    3    2     ( -5.718829718767e-12 ,  3.433138950250e+02 ) ( -2.565473174258e+00 , -4.132713736625e-10 ) ( -2.173039228137e-10 ,  5.310073387238e-09 )
    3    3     ( -3.064924891952e-09 ,  6.076934542558e-29 ) (  7.774070415568e-11 , -6.022837913548e-19 ) (  3.382393405172e-01 , -1.026848024635e-29 )
    3    4     (  2.593322954165e+01 ,  3.996279293219e-11 ) ( -3.655521247851e-11 ,  7.671886995722e+00 ) (  5.577322200284e-11 , -7.750148514523e-11 )
    3    5     (  3.592588155236e-10 ,  7.584499558491e-12 ) (  2.732341288427e-09 ,  6.856638463556e-09 ) (  1.167598536424e+01 ,  1.382180999143e-11 )
    3    6     (  4.121887728690e+00 , -2.976728587663e-10 ) ( -4.881436055398e-12 , -2.658313312974e+02 ) ( -1.050575126466e-09 ,  2.686646239030e-09 )
    3    7     (  6.107504650245e-01 ,  1.381284893220e-01 ) (  1.952000190619e-04 , -8.630966050166e-04 ) (  3.037342304372e-02 , -2.479241997133e-11 )
    3    8     ( -4.457999687298e+01 , -1.198933903046e-10 ) (  6.870853677143e-11 ,  6.299942970226e-02 ) (  4.161162446880e-04 , -9.411026833947e-05 )
    3    9     ( -1.950276685925e-09 ,  1.863926417685e+02 ) ( -3.583990969182e-01 , -1.582062943333e-10 ) ( -2.536245359672e-02 ,  7.364418551915e-02 )
    3   10     (  3.012283037761e+01 ,  8.746673378950e+01 ) ( -1.681825963675e-01 ,  5.792071558446e-02 ) (  1.786757942727e-09 , -1.569365996739e-01 )
    3   11     (  1.135809519230e-04 ,  6.821733542073e-02 ) (  1.156092698344e-04 , -1.925040009339e-07 ) (  4.199750852668e-12 , -1.020370825807e+00 )
    3   12     ( -1.301613598967e-10 , -8.763102443907e+01 ) ( -1.485097003696e-01 ,  6.369196591813e-11 ) (  1.322521929940e-06 , -7.943253665144e-04 )
    4    1     (  7.743072380424e-13 ,  3.433138950250e+02 ) (  2.565473174264e+00 , -4.022027751026e-10 ) (  2.173046394881e-10 ,  5.310310967548e-09 )
    4    2     ( -2.177677798068e-08 ,  3.848795183154e-07 ) (  2.599492794917e-09 ,  1.045784684377e-10 ) ( -1.572627057726e-12 , -4.509923733668e+00 )
    4    3     (  2.593322954165e+01 , -3.996279293219e-11 ) ( -3.655521247851e-11 , -7.671886995722e+00 ) (  5.577322200284e-11 ,  7.750148514523e-11 )
    4    4     (  3.084690482146e-09 , -2.688276771605e-28 ) ( -7.774416892966e-11 , -6.022838219142e-19 ) ( -3.382393405164e-01 , -3.207084141142e-29 )
    4    5     ( -4.121887728719e+00 , -3.038704380137e-10 ) (  4.961832109239e-12 , -2.658313312974e+02 ) (  1.058294913233e-09 ,  2.686651455319e-09 )
    4    6     (  3.819260113919e-10 , -7.515503700278e-12 ) (  2.732311576033e-09 , -6.856516782266e-09 ) (  1.167598536425e+01 , -1.751208119805e-11 )
    4    7     ( -4.457999687268e+01 ,  9.262483839135e-11 ) (  5.463864266761e-11 , -6.299942967293e-02 ) (  4.161162452169e-04 ,  9.411026833101e-05 )
    4    8     ( -6.107504646426e-01 ,  1.381284893438e-01 ) ( -1.952000158568e-04 , -8.630965995849e-04 ) ( -3.037342304539e-02 , -2.432547410672e-11 )
    4    9     (  3.012283037762e+01 , -8.746673378950e+01 ) ( -1.681825963607e-01 , -5.792071557454e-02 ) (  1.784859751986e-09 ,  1.569365996743e-01 )
    4   10     (  1.994108664824e-09 ,  1.863926417684e+02 ) (  3.583990969460e-01 , -1.870209310282e-10 ) (  2.536245359584e-02 ,  7.364418551848e-02 )
    4   11     (  7.232552569084e-12 , -8.763102443910e+01 ) (  1.485097003690e-01 ,  6.404608849414e-11 ) ( -1.322521925142e-06 , -7.943253666826e-04 )
    4   12     (  1.135809451232e-04 , -6.821733541547e-02 ) (  1.156092723152e-04 ,  1.925040618588e-07 ) (  3.402920825530e-12 ,  1.020370825804e+00 )
    5    1     (  2.964449246154e-10 ,  4.761908005474e-09 ) ( -1.038773008601e-08 ,  3.033648846758e-09 ) ( -3.130706980941e-14 ,  3.042841582947e+02 )
    5    2     (  6.064685642746e-12 , -4.648937053080e+00 ) (  1.012353585783e+01 , -9.293299282809e-12 ) ( -1.637722983458e-08 ,  3.332572830711e-07 )
    5    3     (  3.592587594234e-10 , -7.584499558491e-12 ) (  2.732341288427e-09 , -6.856638463674e-09 ) (  1.167598536424e+01 , -1.382180999143e-11 )
    5    4     ( -4.121887728719e+00 ,  3.038704380137e-10 ) (  4.961832109239e-12 ,  2.658313312974e+02 ) (  1.058294922540e-09 , -2.686651455319e-09 )
    5    5     (  3.726518385152e-12 , -2.233817185594e-29 ) ( -1.275683388365e-10 ,  1.012471580522e-19 ) ( -6.432391622261e+00 , -7.918498203488e-31 )
    5    6     ( -1.100562620181e-01 ,  8.418112678795e-12 ) (  4.585674180621e-12 ,  7.460873994909e+00 ) (  4.289212859527e-10 , -1.453047107097e-10 )
    5    7     (  1.095310789560e-02 ,  2.477175859265e-03 ) (  4.523590585926e-02 , -2.000155799294e-01 ) (  2.558148055583e+00 ,  5.942581733285e-12 )
    5    8     ( -7.994910404689e-01 ,  1.341135815811e-11 ) (  5.462096659593e-12 ,  1.459956971905e+01 ) (  3.504688699320e-02 , -7.926271541760e-03 )
    5    9     (  1.185666483072e-10 , -2.923904559808e+00 ) ( -3.536521083894e+00 , -1.200395230112e-11 ) ( -1.910350735029e+00 ,  5.547026527801e+00 )
    5   10     ( -4.725308909842e-01 , -1.372073377998e+00 ) ( -1.659550212647e+00 ,  5.715355700519e-01 ) ( -6.391189411141e-11 , -1.182077898213e+01 )
    5   11     ( -1.431919030509e-06 , -8.600222107334e-04 ) (  4.885401358637e-04 , -8.146584128953e-07 ) ( -3.084523015060e-14 , -7.115390064524e+01 )
    5   12     (  3.184970375598e-12 ,  1.104765320086e+00 ) ( -6.275718901999e-01 , -1.764338093964e-12 ) (  9.222381186075e-05 , -5.539053494619e-02 )
    6    1     (  2.234134655436e-11 ,  4.648937053080e+00 ) (  1.012353585783e+01 ,  6.551980262721e-12 ) ( -1.637727339663e-08 , -3.332574174337e-07 )
    6    2     ( -2.943668846325e-10 ,  4.761056542869e-09 ) (  1.039232101943e-08 ,  3.033234767308e-09 ) (  4.874808184468e-13 ,  3.042841582947e+02 )
    6    3     (  4.121887728690e+00 ,  2.976728587663e-10 ) ( -4.881436055398e-12 ,  2.658313312974e+02 ) ( -1.050575135774e-09 , -2.686646239030e-09 )
    6    4     (  3.819259552916e-10 ,  7.515503700278e-12 ) (  2.732311576033e-09 ,  6.856516782384e-09 ) (  1.167598536425e+01 ,  1.751208119805e-11 )
    6    5     ( -1.100562620181e-01 , -8.418112678795e-12 ) (  4.585674180621e-12 , -7.460873994909e+00 ) (  4.289212859527e-10 ,  1.453047107097e-10 )
    6    6     ( -3.092889013376e-12 ,  6.355779150768e-29 ) (  1.271743726549e-10 ,  1.012471798300e-19 ) (  6.432391622252e+00 ,  4.507059652916e-28 )
    6    7     (  7.994910404630e-01 ,  1.465595487349e-11 ) ( -3.849535656071e-12 ,  1.459956971906e+01 ) ( -3.504688701319e-02 , -7.926271531362e-03 )
    6    8     (  1.095310790475e-02 , -2.477175858539e-03 ) (  4.523590585905e-02 ,  2.000155799366e-01 ) (  2.558148055619e+00 ,  3.350833517255e-12 )
    6    9     (  4.725308909807e-01 , -1.372073377997e+00 ) (  1.659550212669e+00 ,  5.715355700506e-01 ) (  9.881368715106e-11 , -1.182077898212e+01 )
    6   10     (  1.266165145191e-10 ,  2.923904559799e+00 ) ( -3.536521083873e+00 ,  1.470138162344e-11 ) ( -1.910350735009e+00 , -5.547026527793e+00 )
    6   11     ( -4.369389505881e-11 , -1.104765320133e+00 ) ( -6.275718901977e-01 ,  1.302979732191e-12 ) (  9.222381141999e-05 ,  5.539053494600e-02 )
    6   12     (  1.431911509237e-06 , -8.600222102088e-04 ) ( -4.885401462825e-04 , -8.146584193251e-07 ) (  8.245362586083e-12 , -7.115390064524e+01 )
    7    1     ( -4.962772451637e-01 , -2.194345073685e+00 ) ( -2.115779473780e-03 ,  4.785092791469e-04 ) ( -2.359744058216e-11 , -1.428693880938e-01 )
    7    2     ( -3.906121307006e-10 ,  1.601699794923e+02 ) ( -1.544354995556e-01 , -1.540816755429e-10 ) ( -4.426723560486e-04 , -1.957317959793e-03 )
    7    3     (  6.107504650245e-01 , -1.381284893220e-01 ) (  1.952000190619e-04 ,  8.630966050169e-04 ) (  3.037342304372e-02 ,  2.479242346213e-11 )
    7    4     ( -4.457999687268e+01 , -9.262483839108e-11 ) (  5.463864187615e-11 ,  6.299942967293e-02 ) (  4.161162452181e-04 , -9.411026833101e-05 )
    7    5     (  1.095310789560e-02 , -2.477175859265e-03 ) (  4.523590585926e-02 ,  2.000155799294e-01 ) (  2.558148055583e+00 , -5.942582016894e-12 )
    7    6     (  7.994910404630e-01 , -1.465595489896e-11 ) ( -3.849535626423e-12 , -1.459956971906e+01 ) ( -3.504688701319e-02 ,  7.926271531362e-03 )
    7    7     (  8.684654827661e-01 ,  9.368969762603e-18 ) ( -1.004322211280e-04 ,  3.269566261031e-18 ) ( -2.837645552612e-03 ,  5.227118660047e-24 )
    7    8     ( -3.168994202484e+01 , -2.690889067414e-03 ) ( -1.375878348561e-06 , -1.620978183276e-02 ) ( -7.776952807910e-05 ,  1.758802566985e-05 )
    7    9     ( -4.328939296069e-02 ,  5.734759911645e+01 ) ( -1.480317042559e-02 ,  1.133017930328e-05 ) (  1.567138751081e-03 , -4.334495344808e-03 )
    7   10     (  9.027672687249e+00 ,  2.594551075073e+01 ) ( -7.199238730333e-03 ,  2.455214166270e-03 ) (  3.490071967273e-05 ,  9.571055570777e-03 )
    7   11     (  1.714767779899e+00 ,  8.009508680525e+00 ) ( -9.439577133064e-05 ,  2.262560204316e-05 ) ( -9.920693881347e-08 ,  4.083852262758e-02 )
    7   12     (  1.324498375874e-03 , -5.531919007339e+02 ) ( -7.305389862436e-03 ,  1.806089144191e-08 ) (  1.264841701712e-04 ,  5.912817786300e-04 )
    8    1     (  3.889406968539e-10 ,  1.601699794923e+02 ) (  1.544354995547e-01 , -1.539928711880e-10 ) (  4.426723596017e-04 , -1.957317966339e-03 )
    8    2     ( -4.962772451586e-01 ,  2.194345073740e+00 ) ( -2.115779473854e-03 , -4.785092792767e-04 ) ( -7.347381616548e-12 ,  1.428693880606e-01 )
    8    3     ( -4.457999687298e+01 ,  1.198933903043e-10 ) (  6.870853597997e-11 , -6.299942970226e-02 ) (  4.161162446891e-04 ,  9.411026833947e-05 )
    8    4     ( -6.107504646426e-01 , -1.381284893438e-01 ) ( -1.952000158568e-04 ,  8.630965995852e-04 ) ( -3.037342304539e-02 ,  2.432547759752e-11 )
    8    5     ( -7.994910404689e-01 , -1.341135818357e-11 ) (  5.462096629945e-12 , -1.459956971905e+01 ) (  3.504688699320e-02 ,  7.926271541760e-03 )
    8    6     (  1.095310790475e-02 ,  2.477175858539e-03 ) (  4.523590585905e-02 , -2.000155799366e-01 ) (  2.558148055619e+00 , -3.350833233645e-12 )
    8    7     ( -3.168994202484e+01 ,  2.690889067414e-03 ) ( -1.375878348561e-06 ,  1.620978183276e-02 ) ( -7.776952807910e-05 , -1.758802566985e-05 )
    8    8     ( -8.684654825029e-01 ,  2.272076599746e-18 ) (  1.004322214904e-04 ,  3.266665146631e-18 ) (  2.837645552100e-03 ,  7.642518119683e-24 )
    8    9     (  9.027672687101e+00 , -2.594551075066e+01 ) ( -7.199238729998e-03 , -2.455214165809e-03 ) (  3.490071888114e-05 , -9.571055569344e-03 )
    8   10     (  4.328939327535e-02 ,  5.734759911645e+01 ) (  1.480317042756e-02 ,  1.133017793035e-05 ) ( -1.567138751418e-03 , -4.334495343963e-03 )
    8   11     ( -1.324498417040e-03 , -5.531919007339e+02 ) (  7.305389862472e-03 ,  1.806094411455e-08 ) ( -1.264841710303e-04 ,  5.912817800657e-04 )
    8   12     (  1.714767779876e+00 , -8.009508680762e+00 ) ( -9.439577119948e-05 , -2.262560203243e-05 ) ( -9.921073265310e-08 , -4.083852261992e-02 )
    9    1     (  2.855639197939e+01 , -5.851322922390e-09 ) ( -1.414111245711e-09 , -2.444548188198e-02 ) ( -1.085156679979e-01 ,  3.737191228091e-02 )
    9    2     ( -1.340039126617e+01 ,  4.614985568316e+00 ) ( -3.950622590054e-03 , -1.147129248158e-02 ) ( -2.312481726236e-01 ,  1.823174418212e-10 )
    9    3     ( -1.950276685902e-09 , -1.863926417685e+02 ) ( -3.583990969182e-01 ,  1.582063336848e-10 ) ( -2.536245359672e-02 , -7.364418551914e-02 )
    9    4     (  3.012283037762e+01 ,  8.746673378950e+01 ) ( -1.681825963607e-01 ,  5.792071557454e-02 ) (  1.784859277952e-09 , -1.569365996743e-01 )
    9    5     (  1.185666506506e-10 ,  2.923904559808e+00 ) ( -3.536521083894e+00 ,  1.200394411808e-11 ) ( -1.910350735029e+00 , -5.547026527801e+00 )
    9    6     (  4.725308909807e-01 ,  1.372073377997e+00 ) (  1.659550212669e+00 , -5.715355700506e-01 ) (  9.881368320908e-11 ,  1.182077898212e+01 )
    9    7     ( -4.328939296069e-02 , -5.734759911645e+01 ) ( -1.480317042559e-02 , -1.133017930328e-05 ) (  1.567138751081e-03 ,  4.334495344808e-03 )
    9    8     (  9.027672687101e+00 ,  2.594551075066e+01 ) ( -7.199238729998e-03 ,  2.455214165809e-03 ) (  3.490071888111e-05 ,  9.571055569344e-03 )
    9    9     ( -2.554528928534e+01 ,  4.742965339108e-17 ) ( -2.645589479029e-03 , -2.937438318355e-18 ) (  2.058802283317e-02 ,  7.325224726261e-20 )
    9   10     (  2.193584402902e+01 ,  4.128362626424e+00 ) ( -1.241471115355e-03 , -9.773761976694e-03 ) (  2.563738349691e-02 , -8.829305223722e-03 )
    9   11     ( -1.219846092606e+02 ,  1.541505095489e-02 ) (  3.263295581646e-07 , -2.583455323451e-03 ) (  4.143062758745e-02 , -1.429196574706e-02 )
    9   12     (  5.712676130524e+01 , -1.970684073819e+01 ) ( -4.176600011487e-04 , -1.214764750625e-03 ) (  8.846819188443e-02 , -1.107230171893e-05 )
   10    1     (  1.340039126600e+01 ,  4.614985568335e+00 ) (  3.950622589777e-03 , -1.147129248105e-02 ) (  2.312481726556e-01 ,  2.151781231112e-10 )
   10    2     (  2.855639197905e+01 ,  5.850246965665e-09 ) ( -1.413194875704e-09 ,  2.444548188061e-02 ) ( -1.085156680064e-01 , -3.737191229224e-02 )
   10    3     (  3.012283037761e+01 , -8.746673378950e+01 ) ( -1.681825963675e-01 , -5.792071558446e-02 ) (  1.786757468693e-09 ,  1.569365996739e-01 )
   10    4     (  1.994108664801e-09 , -1.863926417684e+02 ) (  3.583990969460e-01 ,  1.870209703797e-10 ) (  2.536245359584e-02 , -7.364418551848e-02 )
   10    5     ( -4.725308909842e-01 ,  1.372073377998e+00 ) ( -1.659550212647e+00 , -5.715355700519e-01 ) ( -6.391189016943e-11 ,  1.182077898213e+01 )
   10    6     (  1.266165168626e-10 , -2.923904559799e+00 ) ( -3.536521083873e+00 , -1.470137344041e-11 ) ( -1.910350735009e+00 ,  5.547026527793e+00 )
   10    7     (  9.027672687249e+00 , -2.594551075073e+01 ) ( -7.199238730333e-03 , -2.455214166270e-03 ) (  3.490071967271e-05 , -9.571055570777e-03 )
   10    8     (  4.328939327535e-02 , -5.734759911645e+01 ) (  1.480317042756e-02 , -1.133017793035e-05 ) ( -1.567138751418e-03 ,  4.334495343963e-03 )
   10    9     (  2.193584402902e+01 , -4.128362626424e+00 ) ( -1.241471115355e-03 ,  9.773761976694e-03 ) (  2.563738349691e-02 ,  8.829305223722e-03 )
   10   10     (  2.554528928510e+01 ,  4.141995185533e-16 ) (  2.645589479046e-03 , -2.847731753364e-18 ) ( -2.058802283529e-02 , -1.905253761492e-20 )
   10   11     ( -5.712676130469e+01 , -1.970684073825e+01 ) (  4.176600011745e-04 , -1.214764750581e-03 ) ( -8.846819189191e-02 , -1.107230942025e-05 )
   10   12     ( -1.219846092594e+02 , -1.541505091721e-02 ) (  3.263294906256e-07 ,  2.583455323497e-03 ) (  4.143062758924e-02 ,  1.429196574970e-02 )
   11    1     ( -2.256824017752e-03 , -3.758123513286e-06 ) ( -1.476103415769e-09 ,  8.868104649996e-07 ) ( -5.658905922305e-01 ,  7.709314439951e-11 )
   11    2     (  2.899080646718e+00 , -1.501069499150e-13 ) ( -2.123431442492e-12 ,  1.129964587352e-03 ) ( -4.405240796420e-04 , -7.334977862618e-07 )
   11    3     (  1.135809519230e-04 , -6.821733542073e-02 ) (  1.156092698346e-04 ,  1.925040009339e-07 ) (  4.199750849842e-12 ,  1.020370825807e+00 )
   11    4     (  7.232552569084e-12 ,  8.763102443910e+01 ) (  1.485097003690e-01 , -6.404608849437e-11 ) ( -1.322521925142e-06 ,  7.943253666804e-04 )
   11    5     ( -1.431919030509e-06 ,  8.600222107334e-04 ) (  4.885401358637e-04 ,  8.146584128953e-07 ) ( -3.084523011209e-14 ,  7.115390064524e+01 )
   11    6     ( -4.369389505882e-11 ,  1.104765320133e+00 ) ( -6.275718901977e-01 , -1.302979732253e-12 ) (  9.222381141999e-05 , -5.539053494600e-02 )
   11    7     (  1.714767779899e+00 , -8.009508680525e+00 ) ( -9.439577133060e-05 , -2.262560204316e-05 ) ( -9.920693883003e-08 , -4.083852262758e-02 )
   11    8     ( -1.324498417040e-03 ,  5.531919007339e+02 ) (  7.305389862472e-03 , -1.806094411466e-08 ) ( -1.264841710303e-04 , -5.912817800710e-04 )
   11    9     ( -1.219846092606e+02 , -1.541505095489e-02 ) (  3.263295581377e-07 ,  2.583455323451e-03 ) (  4.143062758745e-02 ,  1.429196574706e-02 )
   11   10     ( -5.712676130469e+01 ,  1.970684073825e+01 ) (  4.176600011745e-04 ,  1.214764750581e-03 ) ( -8.846819189191e-02 ,  1.107230942006e-05 )
   11   11     (  4.640103858822e-03 , -1.151134393362e-21 ) ( -1.712810669095e-09 , -3.306133054841e-22 ) ( -7.462294221511e-02 , -4.090396270905e-27 )
   11   12     ( -2.980304913606e+00 ,  6.000176548834e-09 ) (  1.606512280668e-12 ,  6.602365934945e-04 ) ( -1.161822298593e-04 , -1.934410308879e-07 )
   12    1     (  2.899080646716e+00 ,  3.656369713171e-12 ) ( -2.087384776439e-12 , -1.129964587369e-03 ) ( -4.405240760011e-04 ,  7.334977349100e-07 )
   12    2     (  2.256824039836e-03 , -3.758138936286e-06 ) (  1.476101238444e-09 ,  8.868104768928e-07 ) (  5.658905922287e-01 ,  8.037689075623e-11 )
   12    3     ( -1.301613598967e-10 ,  8.763102443907e+01 ) ( -1.485097003696e-01 , -6.369196591835e-11 ) (  1.322521929940e-06 ,  7.943253665122e-04 )
   12    4     (  1.135809451232e-04 ,  6.821733541547e-02 ) (  1.156092723153e-04 , -1.925040618588e-07 ) (  3.402920822704e-12 , -1.020370825804e+00 )
   12    5     (  3.184970375593e-12 , -1.104765320086e+00 ) ( -6.275718901999e-01 ,  1.764338094027e-12 ) (  9.222381186075e-05 ,  5.539053494619e-02 )
   12    6     (  1.431911509237e-06 ,  8.600222102088e-04 ) ( -4.885401462825e-04 ,  8.146584193251e-07 ) (  8.245362586044e-12 ,  7.115390064524e+01 )
   12    7     (  1.324498375874e-03 ,  5.531919007339e+02 ) ( -7.305389862436e-03 , -1.806089144201e-08 ) (  1.264841701712e-04 , -5.912817786354e-04 )
   12    8     (  1.714767779876e+00 ,  8.009508680762e+00 ) ( -9.439577119945e-05 ,  2.262560203243e-05 ) ( -9.921073266967e-08 ,  4.083852261992e-02 )
   12    9     (  5.712676130524e+01 ,  1.970684073819e+01 ) ( -4.176600011487e-04 ,  1.214764750624e-03 ) (  8.846819188443e-02 ,  1.107230171874e-05 )
   12   10     ( -1.219846092594e+02 ,  1.541505091721e-02 ) (  3.263294905987e-07 , -2.583455323497e-03 ) (  4.143062758924e-02 , -1.429196574970e-02 )
   12   11     ( -2.980304913606e+00 , -6.000176548834e-09 ) (  1.606512280668e-12 , -6.602365934945e-04 ) ( -1.161822298593e-04 ,  1.934410308879e-07 )
   12   12     ( -4.640103923421e-03 , -4.728233879900e-22 ) (  1.712810963130e-09 , -3.594584870032e-22 ) (  7.462294221540e-02 ,  1.681918437484e-27 )
# nucleus 2 (H atom; P (g_e*g_N*beta_e*beta_N) = 533.5514)
# FC contribution '4/3 * pi * P * OPERATOR'
    1    1     ( -1.235570026414e-01 ,  2.067951531383e-25 ) (  3.644892740055e-09 ,  1.149560361170e-17 ) (  2.825578664594e+01 , -3.231174267785e-27 )
    1    2     ( -2.816966930881e+01 , -4.298045799625e-11 ) (  2.895694789596e-11 , -2.831736972215e+01 ) (  1.235571223885e-01 ,  3.638010000811e-09 )
    1    3     (  9.050589915564e-10 , -1.565843000904e+00 ) (  1.740672162828e+00 ,  7.807632702794e-10 ) (  6.661920459221e-11 ,  1.124966835580e+00 )
    1    4     (  6.562072747215e-11 ,  2.961532258968e+00 ) (  1.037828816249e+00 , -1.233607961040e-10 ) ( -7.849936756151e-10 ,  1.565842998825e+00 )
    1    5     (  1.737685469649e-10 ,  6.082195555608e+00 ) (  6.035938783893e+00 , -1.383866299796e-10 ) ( -1.844762503496e-09 ,  3.268544263216e+00 )
    1    6     (  1.731664005386e-09 , -2.715529772848e+00 ) (  2.771353210753e+00 ,  1.848297341110e-09 ) (  1.499853269741e-10 ,  6.082195555003e+00 )
    1    7     (  4.263209686292e-02 , -6.089401597423e-01 ) (  5.800164556712e-01 ,  3.761207248904e-02 ) (  1.302701021577e-03 , -1.214814490597e+01 )
    1    8     ( -1.302701124062e-03 ,  1.375344887998e+01 ) ( -1.213336409047e+01 , -1.281857622074e-03 ) ( -3.762246126833e-02 ,  2.540856799874e-01 )
    1    9     (  4.787126750191e+01 , -1.409685717308e-02 ) (  1.636044073519e-02 ,  4.822791994527e+01 ) (  2.256980577593e+01 ,  7.802897798411e+00 )
    1   10     (  2.257053845676e+01 , -7.743068954209e+00 ) (  7.801769597085e+00 ,  2.275499220005e+01 ) ( -4.832333894222e+01 ,  1.409687393937e-02 )
    1   11     (  7.881531010509e-02 , -1.287218219961e-04 ) (  1.287177960921e-04 ,  8.515980287789e-02 ) (  9.930155297133e+01 , -1.953291622786e-09 )
    1   12     ( -9.931746371779e+01 ,  1.985756355379e-09 ) ( -1.021159804199e-08 , -9.930471294909e+01 ) (  7.580204806168e-02 ,  1.287136892737e-04 )
    2    1     ( -2.816966930881e+01 ,  4.298045799625e-11 ) (  2.895694789596e-11 ,  2.831736972215e+01 ) (  1.235571223885e-01 , -3.638010000811e-09 )
    2    2     (  1.235570026404e-01 , -4.135903062765e-25 ) ( -3.645372659899e-09 ,  2.086127014298e-18 ) ( -2.825578664595e+01 ,  0.000000000000e+00 )
    2    3     ( -6.710751921655e-11 ,  2.961532258971e+00 ) ( -1.037828816248e+00 , -1.226547625911e-10 ) (  7.908007113969e-10 ,  1.565842998819e+00 )
    2    4     (  9.108685978306e-10 ,  1.565843000899e+00 ) (  1.740672162823e+00 , -7.866509695051e-10 ) (  6.552850930806e-11 , -1.124966835583e+00 )
    2    5     (  1.736600258024e-09 ,  2.715529772851e+00 ) (  2.771353210756e+00 , -1.853047148368e-09 ) (  1.514888026490e-10 , -6.082195555001e+00 )
    2    6     ( -1.752493353769e-10 ,  6.082195555607e+00 ) ( -6.035938783899e+00 , -1.399509392764e-10 ) (  1.862472178938e-09 ,  3.268544263219e+00 )
    2    7     (  1.302701128524e-03 ,  1.375344887992e+01 ) (  1.213336409039e+01 , -1.281857625740e-03 ) (  3.762246125669e-02 ,  2.540856798916e-01 )
    2    8     (  4.263209686815e-02 ,  6.089401596458e-01 ) (  5.800164555751e-01 , -3.761207249493e-02 ) (  1.302701024829e-03 ,  1.214814490604e+01 )
    2    9     ( -2.257053845676e+01 , -7.743068954188e+00 ) ( -7.801769597063e+00 ,  2.275499220006e+01 ) (  4.832333894223e+01 ,  1.409687388703e-02 )
    2   10     (  4.787126750190e+01 ,  1.409685712066e-02 ) (  1.636044068303e-02 , -4.822791994526e+01 ) (  2.256980577593e+01 , -7.802897798435e+00 )
    2   11     ( -9.931746371779e+01 , -1.951174479066e-09 ) ( -1.017698104713e-08 ,  9.930471294910e+01 ) (  7.580204806223e-02 , -1.287136907542e-04 )
    2   12     ( -7.881531010344e-02 , -1.287218205050e-04 ) ( -1.287177946034e-04 ,  8.515980287751e-02 ) ( -9.930155297133e+01 , -1.918678832305e-09 )
    3    1     (  9.050589915564e-10 ,  1.565843000904e+00 ) (  1.740672162828e+00 , -7.807632702794e-10 ) (  6.661920459221e-11 , -1.124966835580e+00 )
    3    2     ( -6.710751921655e-11 , -2.961532258971e+00 ) ( -1.037828816248e+00 ,  1.226547625911e-10 ) (  7.908007113969e-10 , -1.565842998819e+00 )
    3    3     (  4.678609782307e+00 ,  1.938704560671e-26 ) ( -7.593840625659e-11 , -6.236140100367e-16 ) (  5.497003014307e+01 ,  3.231174267785e-27 )
    3    4     (  5.491256763860e+01 , -4.787889262658e-11 ) ( -4.357200178149e-11 , -5.509332756311e+01 ) ( -4.678609782290e+00 , -7.189589027831e-11 )
    3    5     (  1.621141968638e+02 ,  7.499594471503e-12 ) ( -7.539831010295e-11 , -1.621796486685e+02 ) ( -5.047319842932e+00 ,  1.521528278873e-09 )
    3    6     (  5.029845483847e+00 ,  1.668106109222e-09 ) (  1.524411825054e-09 ,  3.498935643429e+00 ) (  1.621141968638e+02 , -9.096030768097e-11 )
    3    7     (  5.049420200089e-02 , -1.016914120089e-01 ) ( -1.049852522079e-01 ,  1.144361892572e+00 ) (  3.389484627583e+01 ,  1.549635918646e-03 )
    3    8     (  3.282703829091e+01 , -1.549635931036e-03 ) (  2.107429264737e-03 , -3.387393190934e+01 ) ( -3.586512465060e-02 , -1.049999519671e-01 )
    3    9     (  5.183569838532e-02 ,  9.269408116722e+00 ) (  5.445071283381e+00 , -8.739627323788e-03 ) (  8.824802983756e-01 , -2.883177344913e+00 )
    3   10     (  1.522349299524e+00 ,  4.741145234343e+00 ) (  2.621144814193e+00 , -8.840766660616e-01 ) ( -5.183569843344e-02 ,  5.310056621199e+00 )
    3   11     (  4.951370056064e-06 ,  9.462156731611e-02 ) (  7.512157485713e-02 ,  5.475224780281e-06 ) (  1.187858463850e-07 ,  4.218990160838e+00 )
    3   12     ( -1.187877096841e-07 , -3.820950756863e+00 ) (  4.223461424806e+00 ,  1.016283834629e-07 ) ( -5.469415913713e-06 , -8.836278688318e-02 )
    4    1     (  6.562072747215e-11 , -2.961532258968e+00 ) (  1.037828816249e+00 ,  1.233607961040e-10 ) ( -7.849936756151e-10 , -1.565842998825e+00 )
    4    2     (  9.108685978306e-10 , -1.565843000899e+00 ) (  1.740672162823e+00 ,  7.866509695051e-10 ) (  6.552850930806e-11 ,  1.124966835583e+00 )
    4    3     (  5.491256763860e+01 ,  4.787889262658e-11 ) ( -4.357200178149e-11 ,  5.509332756311e+01 ) ( -4.678609782290e+00 ,  7.189589027831e-11 )
    4    4     ( -4.678609782291e+00 ,  6.462348535571e-27 ) (  7.265927254826e-11 , -6.849601778316e-16 ) ( -5.497003014308e+01 ,  6.462348535571e-27 )
    4    5     ( -5.029845483833e+00 ,  1.661573361812e-09 ) ( -1.524356675383e-09 ,  3.498935643416e+00 ) ( -1.621141968638e+02 , -9.180679740293e-11 )
    4    6     (  1.621141968638e+02 , -6.652295853982e-12 ) ( -7.643853399144e-11 ,  1.621796486685e+02 ) ( -5.047319842919e+00 , -1.527530562814e-09 )
    4    7     (  3.282703829092e+01 ,  1.549635935180e-03 ) (  2.107429261835e-03 ,  3.387393190935e+01 ) ( -3.586512464098e-02 ,  1.049999519758e-01 )
    4    8     ( -5.049420199880e-02 , -1.016914119995e-01 ) (  1.049852521976e-01 ,  1.144361892562e+00 ) ( -3.389484627583e+01 ,  1.549635915227e-03 )
    4    9     (  1.522349299502e+00 , -4.741145234359e+00 ) (  2.621144814206e+00 ,  8.840766660413e-01 ) ( -5.183569842326e-02 , -5.310056621272e+00 )
    4   10     ( -5.183569838951e-02 ,  9.269408116650e+00 ) ( -5.445071283307e+00 , -8.739627333075e-03 ) ( -8.824802983951e-01 , -2.883177344897e+00 )
    4   11     (  1.187856233021e-07 , -3.820950756876e+00 ) ( -4.223461424807e+00 ,  1.016290784663e-07 ) (  5.469416196833e-06 , -8.836278687885e-02 )
    4   12     (  4.951370215066e-06 , -9.462156732031e-02 ) (  7.512157486121e-02 , -5.475224536469e-06 ) (  1.187851375869e-07 , -4.218990160851e+00 )
    5    1     (  1.737685469649e-10 , -6.082195555608e+00 ) (  6.035938783893e+00 ,  1.383866299796e-10 ) ( -1.844762503496e-09 , -3.268544263216e+00 )
    5    2     (  1.736600258024e-09 , -2.715529772851e+00 ) (  2.771353210756e+00 ,  1.853047148368e-09 ) (  1.514888026490e-10 ,  6.082195555001e+00 )
    5    3     (  1.621141968638e+02 , -7.499594471503e-12 ) ( -7.539831010295e-11 ,  1.621796486685e+02 ) ( -5.047319842932e+00 , -1.521528278873e-09 )
    5    4     ( -5.029845483833e+00 , -1.661573361812e-09 ) ( -1.524356675383e-09 , -3.498935643416e+00 ) ( -1.621141968638e+02 ,  9.180679740293e-11 )
    5    5     ( -4.536735999103e+00 , -4.135903062765e-25 ) ( -5.819056702665e-09 ,  3.228294520706e-16 ) ( -2.961747738323e+02 , -6.462348535571e-27 )
    5    6     (  2.961803174812e+02 , -7.652349527376e-11 ) ( -1.272152436653e-11 ,  2.962016345268e+02 ) ( -4.536735999099e+00 , -5.823762176401e-09 )
    5    7     (  4.090871220034e+01 ,  4.491343589683e-04 ) (  2.247268742407e-03 ,  4.089427129564e+01 ) (  1.639795446495e-01 ,  1.267470784069e-01 )
    5    8     (  4.154713414747e-01 , -1.267470791921e-01 ) (  1.267392750923e-01 ,  1.285681928049e+00 ) ( -4.091215766338e+01 ,  1.228366818412e-03 )
    5    9     (  1.493159990802e+00 , -5.243250448613e+00 ) (  5.051332455067e+00 ,  1.494007414228e+00 ) (  4.613783576240e-03 , -9.252702493658e+00 )
    5   10     ( -1.466780887668e-01 ,  8.813400948359e+00 ) ( -8.909858841067e+00 , -1.152646463284e-01 ) ( -1.493159990653e+00 , -4.307093672333e+00 )
    5   11     ( -1.205449131549e-06 ,  4.568672470014e-01 ) ( -4.592420115680e-01 , -1.212562074862e-06 ) (  5.933847491229e-07 , -1.245793878391e+00 )
    5   12     ( -5.933750436272e-07 ,  9.304062195948e-01 ) ( -9.358720312496e-01 , -5.964675862334e-07 ) (  1.615180905097e-06 , -4.585613338574e-01 )
    6    1     (  1.731664005386e-09 ,  2.715529772848e+00 ) (  2.771353210753e+00 , -1.848297341110e-09 ) (  1.499853269741e-10 , -6.082195555003e+00 )
    6    2     ( -1.752493353769e-10 , -6.082195555607e+00 ) ( -6.035938783899e+00 ,  1.399509392764e-10 ) (  1.862472178938e-09 , -3.268544263219e+00 )
    6    3     (  5.029845483847e+00 , -1.668106109222e-09 ) (  1.524411825054e-09 , -3.498935643429e+00 ) (  1.621141968638e+02 ,  9.096030768097e-11 )
    6    4     (  1.621141968638e+02 ,  6.652295853982e-12 ) ( -7.643853399144e-11 , -1.621796486685e+02 ) ( -5.047319842919e+00 ,  1.527530562814e-09 )
    6    5     (  2.961803174812e+02 ,  7.652349527376e-11 ) ( -1.272152436653e-11 , -2.962016345268e+02 ) ( -4.536735999099e+00 ,  5.823762176401e-09 )
    6    6     (  4.536735999095e+00 ,  0.000000000000e+00 ) (  5.829291063294e-09 ,  7.778397465314e-16 ) (  2.961747738323e+02 ,  6.462348535571e-27 )
    6    7     ( -4.154713414748e-01 , -1.267470792232e-01 ) ( -1.267392750971e-01 ,  1.285681928076e+00 ) (  4.091215766338e+01 ,  1.228366818646e-03 )
    6    8     (  4.090871220033e+01 , -4.491343586919e-04 ) (  2.247268742875e-03 , -4.089427129563e+01 ) (  1.639795446217e-01 , -1.267470783775e-01 )
    6    9     (  1.466780887567e-01 ,  8.813400948447e+00 ) (  8.909858841161e+00 , -1.152646463208e-01 ) (  1.493159990611e+00 , -4.307093672350e+00 )
    6   10     (  1.493159990839e+00 ,  5.243250448601e+00 ) (  5.051332455053e+00 , -1.494007414260e+00 ) (  4.613783562790e-03 ,  9.252702493569e+00 )
    6   11     ( -5.933782107059e-07 , -9.304062195781e-01 ) ( -9.358720312328e-01 ,  5.964708116836e-07 ) (  1.615179964689e-06 ,  4.585613338552e-01 )
    6   12     (  1.205448207263e-06 ,  4.568672470036e-01 ) (  4.592420115826e-01 , -1.212561101177e-06 ) ( -5.933872339376e-07 , -1.245793878374e+00 )
    7    1     (  4.263209686292e-02 ,  6.089401597423e-01 ) (  5.800164556712e-01 , -3.761207248904e-02 ) (  1.302701021577e-03 ,  1.214814490597e+01 )
    7    2     (  1.302701128524e-03 , -1.375344887992e+01 ) (  1.213336409039e+01 ,  1.281857625740e-03 ) (  3.762246125669e-02 , -2.540856798916e-01 )
    7    3     (  5.049420200089e-02 ,  1.016914120089e-01 ) ( -1.049852522079e-01 , -1.144361892572e+00 ) (  3.389484627583e+01 , -1.549635918646e-03 )
    7    4     (  3.282703829092e+01 , -1.549635935180e-03 ) (  2.107429261835e-03 , -3.387393190935e+01 ) ( -3.586512464098e-02 , -1.049999519758e-01 )
    7    5     (  4.090871220034e+01 , -4.491343589683e-04 ) (  2.247268742407e-03 , -4.089427129564e+01 ) (  1.639795446495e-01 , -1.267470784069e-01 )
    7    6     ( -4.154713414748e-01 ,  1.267470792232e-01 ) ( -1.267392750971e-01 , -1.285681928076e+00 ) (  4.091215766338e+01 , -1.228366818646e-03 )
    7    7     ( -4.433579804898e+00 ,  1.110223024625e-16 ) ( -1.003583620897e+00 , -1.448069685936e-17 ) (  1.619163913772e+02 ,  0.000000000000e+00 )
    7    8     (  1.601213668333e+02 ,  1.387793011288e-02 ) ( -1.374919700388e-02 , -1.619786118820e+02 ) (  4.482858690402e+00 , -1.003578633983e+00 )
    7    9     ( -2.265042051146e-02 ,  3.918368715533e+01 ) (  3.217816559925e+01 , -3.295589724312e-02 ) (  5.341277174874e+00 , -1.481562012896e+01 )
    7   10     (  6.171482638445e+00 ,  1.777878149285e+01 ) (  1.571364413025e+01 , -5.340990293785e+00 ) (  1.122683528163e-01 ,  3.260161484360e+01 )
    7   11     ( -5.353263415766e-02 , -2.288498363807e-01 ) ( -1.897848930445e-01 ,  5.069133207676e-02 ) (  1.054692062628e-04 , -1.636648012407e+01 )
    7   12     (  2.429727049490e-05 ,  1.727016217921e+01 ) ( -1.636758902411e+01 ,  1.064671896855e-04 ) ( -5.069079998867e-02 , -2.581655684389e-01 )
    8    1     ( -1.302701124062e-03 , -1.375344887998e+01 ) ( -1.213336409047e+01 ,  1.281857622074e-03 ) ( -3.762246126833e-02 , -2.540856799874e-01 )
    8    2     (  4.263209686815e-02 , -6.089401596458e-01 ) (  5.800164555751e-01 ,  3.761207249493e-02 ) (  1.302701024829e-03 , -1.214814490604e+01 )
    8    3     (  3.282703829091e+01 ,  1.549635931036e-03 ) (  2.107429264737e-03 ,  3.387393190934e+01 ) ( -3.586512465060e-02 ,  1.049999519671e-01 )
    8    4     ( -5.049420199880e-02 ,  1.016914119995e-01 ) (  1.049852521976e-01 , -1.144361892562e+00 ) ( -3.389484627583e+01 , -1.549635915227e-03 )
    8    5     (  4.154713414747e-01 ,  1.267470791921e-01 ) (  1.267392750923e-01 , -1.285681928049e+00 ) ( -4.091215766338e+01 , -1.228366818412e-03 )
    8    6     (  4.090871220033e+01 ,  4.491343586919e-04 ) (  2.247268742875e-03 ,  4.089427129563e+01 ) (  1.639795446217e-01 ,  1.267470783775e-01 )
    8    7     (  1.601213668333e+02 , -1.387793011288e-02 ) ( -1.374919700388e-02 ,  1.619786118820e+02 ) (  4.482858690402e+00 ,  1.003578633983e+00 )
    8    8     (  4.433579805038e+00 ,  1.110223024625e-16 ) (  1.003583620883e+00 ,  9.964358816661e-17 ) ( -1.619163913773e+02 ,  1.734723475977e-18 )
    8    9     (  6.171482638425e+00 , -1.777878149302e+01 ) (  1.571364413043e+01 ,  5.340990293753e+00 ) (  1.122683528288e-01 , -3.260161484394e+01 )
    8   10     (  2.265042050304e-02 ,  3.918368715501e+01 ) ( -3.217816559886e+01 , -3.295589726144e-02 ) ( -5.341277174887e+00 , -1.481562012877e+01 )
    8   11     ( -2.429728310950e-05 ,  1.727016217927e+01 ) (  1.636758902421e+01 ,  1.064671963374e-04 ) (  5.069079999593e-02 , -2.581655683255e-01 )
    8   12     ( -5.353263416487e-02 ,  2.288498362676e-01 ) ( -1.897848929303e-01 , -5.069133208361e-02 ) (  1.054691996080e-04 ,  1.636648012413e+01 )
    9    1     (  4.787126750191e+01 ,  1.409685717308e-02 ) (  1.636044073519e-02 , -4.822791994527e+01 ) (  2.256980577593e+01 , -7.802897798411e+00 )
    9    2     ( -2.257053845676e+01 ,  7.743068954188e+00 ) ( -7.801769597063e+00 , -2.275499220006e+01 ) (  4.832333894223e+01 , -1.409687388703e-02 )
    9    3     (  5.183569838532e-02 , -9.269408116722e+00 ) (  5.445071283381e+00 ,  8.739627323788e-03 ) (  8.824802983756e-01 ,  2.883177344913e+00 )
    9    4     (  1.522349299502e+00 ,  4.741145234359e+00 ) (  2.621144814206e+00 , -8.840766660413e-01 ) ( -5.183569842326e-02 ,  5.310056621272e+00 )
    9    5     (  1.493159990802e+00 ,  5.243250448613e+00 ) (  5.051332455067e+00 , -1.494007414228e+00 ) (  4.613783576240e-03 ,  9.252702493658e+00 )
    9    6     (  1.466780887567e-01 , -8.813400948447e+00 ) (  8.909858841161e+00 ,  1.152646463208e-01 ) (  1.493159990611e+00 ,  4.307093672350e+00 )
    9    7     ( -2.265042051146e-02 , -3.918368715533e+01 ) (  3.217816559925e+01 ,  3.295589724312e-02 ) (  5.341277174874e+00 ,  1.481562012896e+01 )
    9    8     (  6.171482638425e+00 ,  1.777878149302e+01 ) (  1.571364413043e+01 , -5.340990293753e+00 ) (  1.122683528288e-01 ,  3.260161484394e+01 )
    9    9     (  3.613395104587e+00 ,  4.440892098501e-16 ) (  6.360123685225e+00 ,  3.590524556171e-16 ) ( -1.480978129483e+01 ,  5.551115123126e-17 )
    9   10     ( -3.136714142250e+00 , -5.796560569489e-01 ) (  2.984555828446e+00 ,  2.349659103654e+01 ) ( -1.848416983675e+01 ,  6.356627536894e+00 )
    9   11     ( -6.117951332876e+01 ,  8.599773120349e-03 ) ( -7.058654033176e-03 ,  6.133458561359e+01 ) ( -2.874891550803e+01 ,  9.915409941056e+00 )
    9   12     (  2.864449437007e+01 , -9.883256681158e+00 ) (  9.915467825451e+00 ,  2.883491545710e+01 ) ( -6.137450491090e+01 ,  6.812580228988e-03 )
   10    1     (  2.257053845676e+01 ,  7.743068954209e+00 ) (  7.801769597085e+00 , -2.275499220005e+01 ) ( -4.832333894222e+01 , -1.409687393937e-02 )
   10    2     (  4.787126750190e+01 , -1.409685712066e-02 ) (  1.636044068303e-02 ,  4.822791994526e+01 ) (  2.256980577593e+01 ,  7.802897798435e+00 )
   10    3     (  1.522349299524e+00 , -4.741145234343e+00 ) (  2.621144814193e+00 ,  8.840766660616e-01 ) ( -5.183569843344e-02 , -5.310056621199e+00 )
   10    4     ( -5.183569838951e-02 , -9.269408116650e+00 ) ( -5.445071283307e+00 ,  8.739627333075e-03 ) ( -8.824802983951e-01 ,  2.883177344897e+00 )
   10    5     ( -1.466780887668e-01 , -8.813400948359e+00 ) ( -8.909858841067e+00 ,  1.152646463284e-01 ) ( -1.493159990653e+00 ,  4.307093672333e+00 )
   10    6     (  1.493159990839e+00 , -5.243250448601e+00 ) (  5.051332455053e+00 ,  1.494007414260e+00 ) (  4.613783562790e-03 , -9.252702493569e+00 )
   10    7     (  6.171482638445e+00 , -1.777878149285e+01 ) (  1.571364413025e+01 ,  5.340990293785e+00 ) (  1.122683528163e-01 , -3.260161484360e+01 )
   10    8     (  2.265042050304e-02 , -3.918368715501e+01 ) ( -3.217816559886e+01 ,  3.295589726144e-02 ) ( -5.341277174887e+00 ,  1.481562012877e+01 )
   10    9     ( -3.136714142250e+00 ,  5.796560569489e-01 ) (  2.984555828446e+00 , -2.349659103654e+01 ) ( -1.848416983675e+01 , -6.356627536894e+00 )
   10   10     ( -3.613395104723e+00 ,  0.000000000000e+00 ) ( -6.360123685206e+00 , -8.279978529995e-16 ) (  1.480978129473e+01 ,  1.110223024625e-16 )
   10   11     ( -2.864449437007e+01 , -9.883256681197e+00 ) ( -9.915467825490e+00 ,  2.883491545709e+01 ) (  6.137450491088e+01 ,  6.812580317382e-03 )
   10   12     ( -6.117951332874e+01 , -8.599773207609e-03 ) ( -7.058653945148e-03 , -6.133458561358e+01 ) ( -2.874891550803e+01 , -9.915409941096e+00 )
   11    1     (  7.881531010509e-02 ,  1.287218219961e-04 ) (  1.287177960921e-04 , -8.515980287789e-02 ) (  9.930155297133e+01 ,  1.953291622786e-09 )
   11    2     ( -9.931746371779e+01 ,  1.951174479066e-09 ) ( -1.017698104713e-08 , -9.930471294910e+01 ) (  7.580204806223e-02 ,  1.287136907542e-04 )
   11    3     (  4.951370056064e-06 , -9.462156731611e-02 ) (  7.512157485713e-02 , -5.475224780281e-06 ) (  1.187858463850e-07 , -4.218990160838e+00 )
   11    4     (  1.187856233021e-07 ,  3.820950756876e+00 ) ( -4.223461424807e+00 , -1.016290784663e-07 ) (  5.469416196833e-06 ,  8.836278687885e-02 )
   11    5     ( -1.205449131549e-06 , -4.568672470014e-01 ) ( -4.592420115680e-01 ,  1.212562074862e-06 ) (  5.933847491229e-07 ,  1.245793878391e+00 )
   11    6     ( -5.933782107059e-07 ,  9.304062195781e-01 ) ( -9.358720312328e-01 , -5.964708116836e-07 ) (  1.615179964689e-06 , -4.585613338552e-01 )
   11    7     ( -5.353263415766e-02 ,  2.288498363807e-01 ) ( -1.897848930445e-01 , -5.069133207676e-02 ) (  1.054692062628e-04 ,  1.636648012407e+01 )
   11    8     ( -2.429728310950e-05 , -1.727016217927e+01 ) (  1.636758902421e+01 , -1.064671963374e-04 ) (  5.069079999593e-02 ,  2.581655683255e-01 )
   11    9     ( -6.117951332876e+01 , -8.599773120349e-03 ) ( -7.058654033176e-03 , -6.133458561359e+01 ) ( -2.874891550803e+01 , -9.915409941056e+00 )
   11   10     ( -2.864449437007e+01 ,  9.883256681197e+00 ) ( -9.915467825490e+00 , -2.883491545709e+01 ) (  6.137450491088e+01 , -6.812580317382e-03 )
   11   11     ( -2.371543338684e-01 ,  0.000000000000e+00 ) ( -3.956521468937e-04 ,  1.674323549172e-17 ) ( -1.526286656640e+02 ,  2.646977960170e-23 )
   11   12     (  1.526315175930e+02 , -3.068012285665e-07 ) ( -3.079570351087e-07 ,  1.526286885051e+02 ) ( -2.381122151553e-01 , -3.956525662836e-04 )
   12    1     ( -9.931746371779e+01 , -1.985756355379e-09 ) ( -1.021159804199e-08 ,  9.930471294909e+01 ) (  7.580204806168e-02 , -1.287136892737e-04 )
   12    2     ( -7.881531010344e-02 ,  1.287218205050e-04 ) ( -1.287177946034e-04 , -8.515980287751e-02 ) ( -9.930155297133e+01 ,  1.918678832305e-09 )
   12    3     ( -1.187877096841e-07 ,  3.820950756863e+00 ) (  4.223461424806e+00 , -1.016283834629e-07 ) ( -5.469415913713e-06 ,  8.836278688318e-02 )
   12    4     (  4.951370215066e-06 ,  9.462156732031e-02 ) (  7.512157486121e-02 ,  5.475224536469e-06 ) (  1.187851375869e-07 ,  4.218990160851e+00 )
   12    5     ( -5.933750436272e-07 , -9.304062195948e-01 ) ( -9.358720312496e-01 ,  5.964675862334e-07 ) (  1.615180905097e-06 ,  4.585613338574e-01 )
   12    6     (  1.205448207263e-06 , -4.568672470036e-01 ) (  4.592420115826e-01 ,  1.212561101177e-06 ) ( -5.933872339376e-07 ,  1.245793878374e+00 )
   12    7     (  2.429727049490e-05 , -1.727016217921e+01 ) ( -1.636758902411e+01 , -1.064671896855e-04 ) ( -5.069079998867e-02 ,  2.581655684389e-01 )
   12    8     ( -5.353263416487e-02 , -2.288498362676e-01 ) ( -1.897848929303e-01 ,  5.069133208361e-02 ) (  1.054691996080e-04 , -1.636648012413e+01 )
   12    9     (  2.864449437007e+01 ,  9.883256681158e+00 ) (  9.915467825451e+00 , -2.883491545710e+01 ) ( -6.137450491090e+01 , -6.812580228988e-03 )
   12   10     ( -6.117951332874e+01 ,  8.599773207609e-03 ) ( -7.058653945148e-03 ,  6.133458561358e+01 ) ( -2.874891550803e+01 ,  9.915409941096e+00 )
   12   11     (  1.526315175930e+02 ,  3.068012285665e-07 ) ( -3.079570351087e-07 , -1.526286885051e+02 ) ( -2.381122151553e-01 ,  3.956525662836e-04 )
   12   12     (  2.371543338656e-01 , -2.710505431214e-20 ) (  3.956521432260e-04 ,  1.771597719708e-17 ) (  1.526286656640e+02 ,  0.000000000000e+00 )
# SD contribution '1/2 * P * OPERATOR ('+ 1/2 * FC' for diagonal terms)'
    1    1     (  3.940932617444e+01 , -4.135903062765e-25 ) (  1.568450315818e-09 ,  3.330669073875e-16 ) (  5.154921379975e+00 , -1.654361225106e-24 )
    1    2     (  1.807212172149e+01 ,  4.705833553381e-09 ) ( -2.952889951346e-10 , -1.281915873959e+01 ) ( -3.984989061296e+01 ,  6.993162724479e-10 )
    1    3     (  2.619297907585e-10 , -1.374581458984e+01 ) ( -1.138733964601e+01 , -1.165684257903e-10 ) (  9.370306540685e-11 , -2.410499641042e+00 )
    1    4     (  7.707264041474e-10 ,  8.644618432102e-01 ) (  7.345990564892e-01 ,  7.431855628344e-10 ) (  1.952779927804e-10 ,  3.457209719045e-02 )
    1    5     (  1.455048138994e-09 ,  7.236028286237e-01 ) ( -2.009711821266e+01 ,  9.834653849459e-10 ) ( -1.405668706323e-09 ,  1.470120244314e-01 )
    1    6     (  2.004979910100e-10 , -1.826306211872e+01 ) ( -1.827330185367e+01 , -1.536517092394e-09 ) ( -1.080893384414e-10 ,  2.052900247924e+01 )
    1    7     ( -8.589461237157e-03 , -1.659452408359e+01 ) ( -1.446131226117e+01 ,  3.150815442300e-02 ) (  6.853605921999e-03 ,  7.358192811591e+00 )
    1    8     ( -5.153482930882e-02 , -3.000055099235e+00 ) ( -1.036906513340e+01 ,  4.523918894311e-02 ) (  2.289282119675e-02 ,  2.313176192345e+00 )
    1    9     ( -8.056383725688e+00 ,  8.030911142388e-01 ) ( -5.566708060744e-01 ,  6.727201640783e+00 ) (  1.050179723892e+01 ,  8.521383166961e-01 )
    1   10     ( -9.844147642569e+00 ,  1.678847589381e+00 ) (  8.259562995101e-01 , -1.046237749771e+00 ) ( -1.505846029049e+00 , -1.297315706353e+00 )
    1   11     (  1.549492775057e+01 ,  2.217411129020e-05 ) (  1.632338974788e-05 , -3.723505327621e-01 ) (  4.533413184838e+00 , -2.040841266474e-05 )
    1   12     (  1.712087838843e+01 ,  2.010176313330e-05 ) (  4.954271475556e-07 , -1.259359614284e+01 ) ( -1.574293124684e+01 ,  5.860205504312e-06 )
    2    1     (  1.807212172149e+01 , -4.705833553381e-09 ) ( -2.952889951346e-10 ,  1.281915873959e+01 ) ( -3.984989061296e+01 , -6.993162724479e-10 )
    2    2     ( -3.940932617444e+01 ,  2.067951531383e-25 ) ( -1.567128418602e-09 ,  3.608224830032e-16 ) ( -5.154921379975e+00 ,  0.000000000000e+00 )
    2    3     ( -7.707340207202e-10 ,  8.644618432116e-01 ) ( -7.345990564894e-01 ,  7.439237662823e-10 ) ( -1.964801615663e-10 ,  3.457209718823e-02 )
    2    4     (  2.618937402357e-10 ,  1.374581458984e+01 ) ( -1.138733964601e+01 ,  1.170332166228e-10 ) (  9.311170715501e-11 ,  2.410499641041e+00 )
    2    5     (  2.025822902164e-10 ,  1.826306211872e+01 ) ( -1.827330185366e+01 ,  1.538270701763e-09 ) ( -1.126639066236e-10 , -2.052900247924e+01 )
    2    6     ( -1.455941948573e-09 ,  7.236028286265e-01 ) (  2.009711821266e+01 ,  9.822604153613e-10 ) (  1.407854361117e-09 ,  1.470120244305e-01 )
    2    7     (  5.153482930769e-02 , -3.000055099231e+00 ) (  1.036906513338e+01 ,  4.523918894442e-02 ) ( -2.289282119804e-02 ,  2.313176192324e+00 )
    2    8     ( -8.589461239280e-03 ,  1.659452408362e+01 ) ( -1.446131226118e+01 , -3.150815442343e-02 ) (  6.853605924521e-03 , -7.358192811600e+00 )
    2    9     (  9.844147642540e+00 ,  1.678847589369e+00 ) ( -8.259562995093e-01 , -1.046237749807e+00 ) (  1.505846029067e+00 , -1.297315706351e+00 )
    2   10     ( -8.056383725677e+00 , -8.030911142297e-01 ) ( -5.566708060856e-01 , -6.727201640789e+00 ) (  1.050179723891e+01 , -8.521383167081e-01 )
    2   11     (  1.712087838843e+01 , -2.010177054397e-05 ) (  4.954318008332e-07 ,  1.259359614284e+01 ) ( -1.574293124684e+01 , -5.860199783845e-06 )
    2   12     ( -1.549492775057e+01 ,  2.217411663469e-05 ) ( -1.632338908269e-05 , -3.723505327644e-01 ) ( -4.533413184836e+00 , -2.040840992302e-05 )
    3    1     (  2.619297907585e-10 ,  1.374581458984e+01 ) ( -1.138733964601e+01 ,  1.165684257903e-10 ) (  9.370306540685e-11 ,  2.410499641042e+00 )
    3    2     ( -7.707340207202e-10 , -8.644618432116e-01 ) ( -7.345990564894e-01 , -7.439237662823e-10 ) ( -1.964801615663e-10 , -3.457209718823e-02 )
    3    3     ( -2.481513054640e+01 ,  6.462348535571e-27 ) (  5.900736957797e-11 , -7.216449660064e-16 ) ( -5.294394914757e+00 ,  1.615587133893e-27 )
    3    4     (  3.499102768255e+01 , -1.944162654308e-10 ) (  1.892342763490e-10 ,  2.969985146339e+01 ) ( -2.570806229468e+01 , -3.076736280146e-11 )
    3    5     (  1.748802633564e+01 , -1.936225401296e-10 ) (  1.745527467743e-10 , -6.160634542667e-01 ) ( -5.279677877365e+00 ,  8.070257126112e-12 )
    3    6     ( -3.689943336799e+00 ,  1.816172386530e-10 ) ( -1.581476688757e-10 , -7.192415056710e-01 ) ( -1.814056440158e+01 , -6.265237548970e-11 )
    3    7     (  2.152901962257e+00 , -6.096755713762e-03 ) ( -2.902172944373e-03 , -1.590109896521e+00 ) ( -2.720929779317e+00 , -7.502728131317e-03 )
    3    8     (  1.997549240013e+00 , -6.754165985079e-03 ) ( -4.966621736754e-03 , -9.586163193233e-01 ) (  2.384630088678e+00 ,  8.327852339470e-03 )
    3    9     (  6.174443950324e-01 , -1.735264084192e+00 ) (  3.337731719269e+00 ,  5.442816722893e-01 ) ( -4.230711319500e-01 ,  2.134663204471e+00 )
    3   10     (  9.307121097261e-03 ,  3.847618366760e+00 ) ( -2.543240578055e+00 , -2.839993348120e-01 ) (  1.464513152400e-01 , -2.192613605432e+00 )
    3   11     ( -9.415708358823e-07 ,  8.605437357455e+00 ) ( -8.076544928838e+00 ,  6.241597036054e-06 ) (  7.960534435968e-07 , -4.259158396873e+00 )
    3   12     ( -1.115463282022e-05 ,  7.332303041522e-01 ) (  4.809206362649e+00 , -1.046336197398e-05 ) (  5.521033415459e-06 , -6.176127790989e-01 )
    4    1     (  7.707264041474e-10 , -8.644618432102e-01 ) (  7.345990564892e-01 , -7.431855628344e-10 ) (  1.952779927804e-10 , -3.457209719045e-02 )
    4    2     (  2.618937402357e-10 , -1.374581458984e+01 ) ( -1.138733964601e+01 , -1.170332166228e-10 ) (  9.311170715501e-11 , -2.410499641041e+00 )
    4    3     (  3.499102768255e+01 ,  1.944162654308e-10 ) (  1.892342763490e-10 , -2.969985146339e+01 ) ( -2.570806229468e+01 ,  3.076736280146e-11 )
    4    4     (  2.481513054640e+01 ,  6.462348535571e-27 ) ( -5.917449653118e-11 , -7.771561172376e-16 ) (  5.294394914756e+00 ,  1.615587133893e-27 )
    4    5     (  3.689943336798e+00 ,  1.812665028820e-10 ) (  1.582547924972e-10 , -7.192415056696e-01 ) (  1.814056440157e+01 , -6.240956947251e-11 )
    4    6     (  1.748802633564e+01 ,  1.943661523986e-10 ) (  1.749602523482e-10 ,  6.160634542664e-01 ) ( -5.279677877364e+00 , -7.693651587145e-12 )
    4    7     (  1.997549240006e+00 ,  6.754165985188e-03 ) ( -4.966621735531e-03 ,  9.586163193322e-01 ) (  2.384630088681e+00 , -8.327852340701e-03 )
    4    8     ( -2.152901962253e+00 , -6.096755710676e-03 ) (  2.902172945425e-03 , -1.590109896525e+00 ) (  2.720929779316e+00 , -7.502728132046e-03 )
    4    9     (  9.307121101255e-03 , -3.847618366769e+00 ) ( -2.543240578053e+00 ,  2.839993348095e-01 ) (  1.464513152368e-01 ,  2.192613605438e+00 )
    4   10     ( -6.174443950305e-01 , -1.735264084192e+00 ) ( -3.337731719266e+00 ,  5.442816722827e-01 ) (  4.230711319516e-01 ,  2.134663204462e+00 )
    4   11     (  1.115463333681e-05 ,  7.332303041523e-01 ) ( -4.809206362649e+00 , -1.046336262847e-05 ) ( -5.521033669575e-06 , -6.176127790999e-01 )
    4   12     ( -9.415685684438e-07 , -8.605437357456e+00 ) ( -8.076544928838e+00 , -6.241599532286e-06 ) (  7.960519188356e-07 ,  4.259158396873e+00 )
    5    1     (  1.455048138994e-09 , -7.236028286237e-01 ) ( -2.009711821266e+01 , -9.834653849459e-10 ) ( -1.405668706323e-09 , -1.470120244314e-01 )
    5    2     (  2.025822902164e-10 , -1.826306211872e+01 ) ( -1.827330185366e+01 , -1.538270701763e-09 ) ( -1.126639066236e-10 ,  2.052900247924e+01 )
    5    3     (  1.748802633564e+01 ,  1.936225401296e-10 ) (  1.745527467743e-10 ,  6.160634542667e-01 ) ( -5.279677877365e+00 , -8.070257126112e-12 )
    5    4     (  3.689943336798e+00 , -1.812665028820e-10 ) (  1.582547924972e-10 ,  7.192415056696e-01 ) (  1.814056440157e+01 ,  6.240956947251e-11 )
    5    5     (  4.872511243065e+01 ,  0.000000000000e+00 ) (  6.708992995695e-10 ,  3.608224830032e-16 ) ( -2.357517553471e+01 , -1.033975765691e-25 )
    5    6     (  8.783962514190e+00 ,  9.922286026426e-10 ) (  3.272880041062e-11 , -3.237295359667e+01 ) ( -4.828757657222e+01 , -4.996378916297e-10 )
    5    7     ( -1.054445204639e+00 , -9.534192822858e-03 ) (  5.530554699289e-04 , -1.160461422382e+00 ) ( -3.035202702217e+00 ,  6.764355452970e-03 )
    5    8     (  3.063225085226e+00 ,  3.136516880472e-03 ) ( -3.588044337649e-03 ,  1.626298146880e-01 ) ( -2.225140396164e+00 ,  9.497068941977e-03 )
    5    9     ( -2.560252400886e-02 ,  1.322864507160e+00 ) ( -9.352602368128e-02 , -1.818686387234e-01 ) ( -1.059893424193e-01 , -9.462049902444e-01 )
    5   10     (  2.017732763193e-01 ,  4.274607399736e-01 ) (  1.329280330571e+00 , -7.022909884846e-02 ) ( -2.026523883362e-01 , -1.244271390262e+00 )
    5   11     ( -4.209476959673e-07 , -2.406758278728e-01 ) (  7.433636415065e-01 ,  3.627613139231e-07 ) (  4.944144541991e-07 , -1.471159664749e-02 )
    5   12     (  3.115949471036e-07 ,  3.245044703988e-01 ) (  2.804646589866e-01 ,  9.638385166604e-07 ) (  1.955152753847e-08 , -3.814380853581e-01 )
    6    1     (  2.004979910100e-10 ,  1.826306211872e+01 ) ( -1.827330185367e+01 ,  1.536517092394e-09 ) ( -1.080893384414e-10 , -2.052900247924e+01 )
    6    2     ( -1.455941948573e-09 , -7.236028286265e-01 ) (  2.009711821266e+01 , -9.822604153613e-10 ) (  1.407854361117e-09 , -1.470120244305e-01 )
    6    3     ( -3.689943336799e+00 , -1.816172386530e-10 ) ( -1.581476688757e-10 ,  7.192415056710e-01 ) ( -1.814056440158e+01 ,  6.265237548970e-11 )
    6    4     (  1.748802633564e+01 , -1.943661523986e-10 ) (  1.749602523482e-10 , -6.160634542664e-01 ) ( -5.279677877364e+00 ,  7.693651587145e-12 )
    6    5     (  8.783962514190e+00 , -9.922286026426e-10 ) (  3.272880041062e-11 ,  3.237295359667e+01 ) ( -4.828757657222e+01 ,  4.996378916297e-10 )
    6    6     ( -4.872511243065e+01 , -1.292469707114e-26 ) ( -6.729668495483e-10 ,  4.163336342344e-16 ) (  2.357517553471e+01 ,  2.067951531383e-25 )
    6    7     ( -3.063225085229e+00 ,  3.136516879518e-03 ) (  3.588044338661e-03 ,  1.626298146852e-01 ) (  2.225140396168e+00 ,  9.497068944513e-03 )
    6    8     ( -1.054445204638e+00 ,  9.534192816783e-03 ) (  5.530554718982e-04 ,  1.160461422378e+00 ) ( -3.035202702216e+00 , -6.764355451733e-03 )
    6    9     ( -2.017732763175e-01 ,  4.274607399753e-01 ) ( -1.329280330572e+00 , -7.022909885181e-02 ) (  2.026523883371e-01 , -1.244271390273e+00 )
    6   10     ( -2.560252400288e-02 , -1.322864507148e+00 ) ( -9.352602367844e-02 ,  1.818686387287e-01 ) ( -1.059893424305e-01 ,  9.462049902391e-01 )
    6   11     (  3.115935640446e-07 , -3.245044703953e-01 ) (  2.804646589859e-01 , -9.638394345778e-07 ) (  1.955068824537e-08 ,  3.814380853584e-01 )
    6   12     (  4.209472391218e-07 , -2.406758278722e-01 ) ( -7.433636415073e-01 ,  3.627608640180e-07 ) ( -4.944138369528e-07 , -1.471159665033e-02 )
    7    1     ( -8.589461237157e-03 ,  1.659452408359e+01 ) ( -1.446131226117e+01 , -3.150815442300e-02 ) (  6.853605921999e-03 , -7.358192811591e+00 )
    7    2     (  5.153482930769e-02 ,  3.000055099231e+00 ) (  1.036906513338e+01 , -4.523918894442e-02 ) ( -2.289282119804e-02 , -2.313176192324e+00 )
    7    3     (  2.152901962257e+00 ,  6.096755713762e-03 ) ( -2.902172944373e-03 ,  1.590109896521e+00 ) ( -2.720929779317e+00 ,  7.502728131317e-03 )
    7    4     (  1.997549240006e+00 , -6.754165985188e-03 ) ( -4.966621735531e-03 , -9.586163193322e-01 ) (  2.384630088681e+00 ,  8.327852340701e-03 )
    7    5     ( -1.054445204639e+00 ,  9.534192822858e-03 ) (  5.530554699289e-04 ,  1.160461422382e+00 ) ( -3.035202702217e+00 , -6.764355452970e-03 )
    7    6     ( -3.063225085229e+00 , -3.136516879518e-03 ) (  3.588044338661e-03 , -1.626298146852e-01 ) (  2.225140396168e+00 , -9.497068944513e-03 )
    7    7     (  5.826904090311e-01 , -3.469446951954e-18 ) (  4.687996891513e-02 , -8.881784197001e-16 ) ( -1.697165434414e+00 ,  8.673617379884e-18 )
    7    8     (  1.324639592920e+01 , -4.734611595131e-03 ) (  6.422601574920e-04 ,  7.566437024076e+00 ) ( -7.842437420673e+00 ,  1.118094937972e-02 )
    7    9     ( -2.756843378293e+00 ,  3.276436480778e+00 ) ( -9.234446129351e+00 , -1.320164482889e+00 ) ( -6.850371576265e-01 ,  8.814992247842e+00 )
    7   10     ( -7.474624799415e-01 , -1.882862438666e+01 ) (  5.775212648665e+00 ,  8.930940188255e-01 ) (  1.076530578198e+00 , -1.014329999720e+00 )
    7   11     ( -8.738045138522e-03 , -1.883687000903e+00 ) ( -6.202890834241e-01 , -1.071430916773e-02 ) ( -7.736574298972e-03 , -7.402378440874e-01 )
    7   12     ( -5.714391930729e-03 ,  2.793695638186e+00 ) (  3.468566291479e+00 , -2.069578261321e-03 ) ( -2.186678697140e-03 ,  2.486211695031e+00 )
    8    1     ( -5.153482930882e-02 ,  3.000055099235e+00 ) ( -1.036906513340e+01 , -4.523918894311e-02 ) (  2.289282119675e-02 , -2.313176192345e+00 )
    8    2     ( -8.589461239280e-03 , -1.659452408362e+01 ) ( -1.446131226118e+01 ,  3.150815442343e-02 ) (  6.853605924521e-03 ,  7.358192811600e+00 )
    8    3     (  1.997549240013e+00 ,  6.754165985079e-03 ) ( -4.966621736754e-03 ,  9.586163193233e-01 ) (  2.384630088678e+00 , -8.327852339470e-03 )
    8    4     ( -2.152901962253e+00 ,  6.096755710676e-03 ) (  2.902172945425e-03 ,  1.590109896525e+00 ) (  2.720929779316e+00 ,  7.502728132046e-03 )
    8    5     (  3.063225085226e+00 , -3.136516880472e-03 ) ( -3.588044337649e-03 , -1.626298146880e-01 ) ( -2.225140396164e+00 , -9.497068941977e-03 )
    8    6     ( -1.054445204638e+00 , -9.534192816783e-03 ) (  5.530554718982e-04 , -1.160461422378e+00 ) ( -3.035202702216e+00 ,  6.764355451733e-03 )
    8    7     (  1.324639592920e+01 ,  4.734611595131e-03 ) (  6.422601574920e-04 , -7.566437024076e+00 ) ( -7.842437420673e+00 , -1.118094937972e-02 )
    8    8     ( -5.826904091045e-01 , -6.938893903907e-18 ) ( -4.687996891511e-02 , -8.881784197001e-16 ) (  1.697165434428e+00 ,  3.469446951954e-18 )
    8    9     ( -7.474624799326e-01 ,  1.882862438675e+01 ) (  5.775212648687e+00 , -8.930940188323e-01 ) (  1.076530578202e+00 ,  1.014329999654e+00 )
    8   10     (  2.756843378311e+00 ,  3.276436480801e+00 ) (  9.234446129384e+00 , -1.320164482901e+00 ) (  6.850371576223e-01 ,  8.814992247889e+00 )
    8   11     (  5.714391937163e-03 ,  2.793695638219e+00 ) ( -3.468566291494e+00 , -2.069578258671e-03 ) (  2.186678694265e-03 ,  2.486211695042e+00 )
    8   12     ( -8.738045148531e-03 ,  1.883687000901e+00 ) ( -6.202890834378e-01 ,  1.071430917495e-02 ) ( -7.736574302698e-03 ,  7.402378440681e-01 )
    9    1     ( -8.056383725688e+00 , -8.030911142388e-01 ) ( -5.566708060744e-01 , -6.727201640783e+00 ) (  1.050179723892e+01 , -8.521383166961e-01 )
    9    2     (  9.844147642540e+00 , -1.678847589369e+00 ) ( -8.259562995093e-01 ,  1.046237749807e+00 ) (  1.505846029067e+00 ,  1.297315706351e+00 )
    9    3     (  6.174443950324e-01 ,  1.735264084192e+00 ) (  3.337731719269e+00 , -5.442816722893e-01 ) ( -4.230711319500e-01 , -2.134663204471e+00 )
    9    4     (  9.307121101255e-03 ,  3.847618366769e+00 ) ( -2.543240578053e+00 , -2.839993348095e-01 ) (  1.464513152368e-01 , -2.192613605438e+00 )
    9    5     ( -2.560252400886e-02 , -1.322864507160e+00 ) ( -9.352602368128e-02 ,  1.818686387234e-01 ) ( -1.059893424193e-01 ,  9.462049902444e-01 )
    9    6     ( -2.017732763175e-01 , -4.274607399753e-01 ) ( -1.329280330572e+00 ,  7.022909885181e-02 ) (  2.026523883371e-01 ,  1.244271390273e+00 )
    9    7     ( -2.756843378293e+00 , -3.276436480778e+00 ) ( -9.234446129351e+00 ,  1.320164482889e+00 ) ( -6.850371576265e-01 , -8.814992247842e+00 )
    9    8     ( -7.474624799326e-01 , -1.882862438675e+01 ) (  5.775212648687e+00 ,  8.930940188323e-01 ) (  1.076530578202e+00 , -1.014329999654e+00 )
    9    9     ( -4.336293977450e+01 ,  0.000000000000e+00 ) (  6.667025396239e+00 ,  1.332267629550e-15 ) (  2.499446553690e+01 ,  8.881784197001e-16 )
    9   10     ( -3.490921262785e+00 ,  1.218102273910e+01 ) (  3.128572727449e+00 ,  2.463039665957e+01 ) ( -2.754223243700e+01 , -3.267136147382e+00 )
    9   11     ( -1.460441234649e+01 ,  1.452548074643e+00 ) ( -2.606667775701e-02 , -7.894830691756e+00 ) ( -7.628458052556e+00 , -4.173255715756e-01 )
    9   12     ( -4.113983553745e+00 , -1.678605585778e+00 ) ( -1.263635313634e+00 , -3.507886404442e+00 ) (  6.730748770057e+00 , -1.428680399019e+00 )
   10    1     ( -9.844147642569e+00 , -1.678847589381e+00 ) (  8.259562995101e-01 ,  1.046237749771e+00 ) ( -1.505846029049e+00 ,  1.297315706353e+00 )
   10    2     ( -8.056383725677e+00 ,  8.030911142297e-01 ) ( -5.566708060856e-01 ,  6.727201640789e+00 ) (  1.050179723891e+01 ,  8.521383167081e-01 )
   10    3     (  9.307121097261e-03 , -3.847618366760e+00 ) ( -2.543240578055e+00 ,  2.839993348120e-01 ) (  1.464513152400e-01 ,  2.192613605432e+00 )
   10    4     ( -6.174443950305e-01 ,  1.735264084192e+00 ) ( -3.337731719266e+00 , -5.442816722827e-01 ) (  4.230711319516e-01 , -2.134663204462e+00 )
   10    5     (  2.017732763193e-01 , -4.274607399736e-01 ) (  1.329280330571e+00 ,  7.022909884846e-02 ) ( -2.026523883362e-01 ,  1.244271390262e+00 )
   10    6     ( -2.560252400288e-02 ,  1.322864507148e+00 ) ( -9.352602367844e-02 , -1.818686387287e-01 ) ( -1.059893424305e-01 , -9.462049902391e-01 )
   10    7     ( -7.474624799415e-01 ,  1.882862438666e+01 ) (  5.775212648665e+00 , -8.930940188255e-01 ) (  1.076530578198e+00 ,  1.014329999720e+00 )
   10    8     (  2.756843378311e+00 , -3.276436480801e+00 ) (  9.234446129384e+00 ,  1.320164482901e+00 ) (  6.850371576223e-01 , -8.814992247889e+00 )
   10    9     ( -3.490921262785e+00 , -1.218102273910e+01 ) (  3.128572727449e+00 , -2.463039665957e+01 ) ( -2.754223243700e+01 ,  3.267136147382e+00 )
   10   10     (  4.336293977453e+01 ,  8.881784197001e-16 ) ( -6.667025396231e+00 ,  4.440892098501e-16 ) ( -2.499446553688e+01 ,  8.881784197001e-16 )
   10   11     (  4.113983553741e+00 , -1.678605585759e+00 ) (  1.263635313629e+00 , -3.507886404448e+00 ) ( -6.730748770051e+00 , -1.428680399023e+00 )
   10   12     ( -1.460441234649e+01 , -1.452548074636e+00 ) ( -2.606667774711e-02 ,  7.894830691757e+00 ) ( -7.628458052561e+00 ,  4.173255715596e-01 )
   11    1     (  1.549492775057e+01 , -2.217411129020e-05 ) (  1.632338974788e-05 ,  3.723505327621e-01 ) (  4.533413184838e+00 ,  2.040841266474e-05 )
   11    2     (  1.712087838843e+01 ,  2.010177054397e-05 ) (  4.954318008332e-07 , -1.259359614284e+01 ) ( -1.574293124684e+01 ,  5.860199783845e-06 )
   11    3     ( -9.415708358823e-07 , -8.605437357455e+00 ) ( -8.076544928838e+00 , -6.241597036054e-06 ) (  7.960534435968e-07 ,  4.259158396873e+00 )
   11    4     (  1.115463333681e-05 , -7.332303041523e-01 ) ( -4.809206362649e+00 ,  1.046336262847e-05 ) ( -5.521033669575e-06 ,  6.176127790999e-01 )
   11    5     ( -4.209476959673e-07 ,  2.406758278728e-01 ) (  7.433636415065e-01 , -3.627613139231e-07 ) (  4.944144541991e-07 ,  1.471159664749e-02 )
   11    6     (  3.115935640446e-07 ,  3.245044703953e-01 ) (  2.804646589859e-01 ,  9.638394345778e-07 ) (  1.955068824537e-08 , -3.814380853584e-01 )
   11    7     ( -8.738045138522e-03 ,  1.883687000903e+00 ) ( -6.202890834241e-01 ,  1.071430916773e-02 ) ( -7.736574298972e-03 ,  7.402378440874e-01 )
   11    8     (  5.714391937163e-03 , -2.793695638219e+00 ) ( -3.468566291494e+00 ,  2.069578258671e-03 ) (  2.186678694265e-03 , -2.486211695042e+00 )
   11    9     ( -1.460441234649e+01 , -1.452548074643e+00 ) ( -2.606667775701e-02 ,  7.894830691756e+00 ) ( -7.628458052556e+00 ,  4.173255715756e-01 )
   11   10     (  4.113983553741e+00 ,  1.678605585759e+00 ) (  1.263635313629e+00 ,  3.507886404448e+00 ) ( -6.730748770051e+00 ,  1.428680399023e+00 )
   11   11     (  9.879296587876e+00 ,  0.000000000000e+00 ) (  2.167755511991e-05 , -6.938893903907e-18 ) (  4.976041059590e+00 ,  0.000000000000e+00 )
   11   12     (  1.333909348535e+01 ,  2.563649422407e-05 ) (  1.682026958180e-08 , -8.362438700106e+00 ) ( -9.853822750466e+00 ,  1.287926737704e-05 )
   12    1     (  1.712087838843e+01 , -2.010176313330e-05 ) (  4.954271475556e-07 ,  1.259359614284e+01 ) ( -1.574293124684e+01 , -5.860205504312e-06 )
   12    2     ( -1.549492775057e+01 , -2.217411663469e-05 ) ( -1.632338908269e-05 ,  3.723505327644e-01 ) ( -4.533413184836e+00 ,  2.040840992302e-05 )
   12    3     ( -1.115463282022e-05 , -7.332303041522e-01 ) (  4.809206362649e+00 ,  1.046336197398e-05 ) (  5.521033415459e-06 ,  6.176127790989e-01 )
   12    4     ( -9.415685684438e-07 ,  8.605437357456e+00 ) ( -8.076544928838e+00 ,  6.241599532286e-06 ) (  7.960519188356e-07 , -4.259158396873e+00 )
   12    5     (  3.115949471036e-07 , -3.245044703988e-01 ) (  2.804646589866e-01 , -9.638385166604e-07 ) (  1.955152753848e-08 ,  3.814380853581e-01 )
   12    6     (  4.209472391218e-07 ,  2.406758278722e-01 ) ( -7.433636415073e-01 , -3.627608640180e-07 ) ( -4.944138369528e-07 ,  1.471159665033e-02 )
   12    7     ( -5.714391930729e-03 , -2.793695638186e+00 ) (  3.468566291479e+00 ,  2.069578261321e-03 ) ( -2.186678697140e-03 , -2.486211695031e+00 )
   12    8     ( -8.738045148531e-03 , -1.883687000901e+00 ) ( -6.202890834378e-01 , -1.071430917495e-02 ) ( -7.736574302698e-03 , -7.402378440681e-01 )
   12    9     ( -4.113983553745e+00 ,  1.678605585778e+00 ) ( -1.263635313634e+00 ,  3.507886404442e+00 ) (  6.730748770057e+00 ,  1.428680399019e+00 )
   12   10     ( -1.460441234649e+01 ,  1.452548074636e+00 ) ( -2.606667774711e-02 , -7.894830691757e+00 ) ( -7.628458052561e+00 , -4.173255715596e-01 )
   12   11     (  1.333909348535e+01 , -2.563649422407e-05 ) (  1.682026958180e-08 ,  8.362438700106e+00 ) ( -9.853822750466e+00 , -1.287926737704e-05 )
   12   12     ( -9.879296587878e+00 , -3.388131789017e-21 ) ( -2.167755457208e-05 ,  0.000000000000e+00 ) ( -4.976041059589e+00 ,  1.694065894509e-21 )
# LI contribution 'P * OPERATOR'
    1    1     (  9.325838748236e-01 ,  3.630789461983e-26 ) (  4.820719214662e-12 , -1.715215064027e-18 ) ( -2.671244456400e-01 ,  1.368529466820e-26 )
    1    2     (  3.791235623886e+00 ,  1.057285039547e-10 ) (  1.145972179156e-11 , -1.024421351376e-02 ) ( -2.956685434683e+00 , -2.804310324953e-11 )
    1    3     (  3.067574300280e-09 , -6.777393809289e-01 ) (  1.422322074705e-01 ,  4.367920298913e-12 ) ( -2.727227285513e-09 ,  1.939979383881e-01 )
    1    4     (  3.208564665402e-11 ,  4.839394578786e+01 ) (  1.290494235647e-01 ,  1.105175749607e-10 ) ( -9.597063240605e-12 , -4.297429823593e+01 )
    1    5     ( -4.222103559947e-11 , -4.572769083269e+01 ) (  9.059759238654e-02 , -2.033444154474e-10 ) (  3.655102110063e-11 ,  1.309796460703e+01 )
    1    6     ( -2.461242686196e-09 ,  6.646044546137e-01 ) (  5.042708684313e-01 ,  7.340776926790e-12 ) (  7.109985656988e-10 , -5.734726633541e-01 )
    1    7     ( -5.441406868491e-02 ,  2.622063090890e-01 ) (  1.273517381949e+01 , -7.596722828932e-05 ) ( -1.761383918116e-01 ,  7.708438332480e-01 )
    1    8     (  6.695254390049e-05 , -1.756146071551e+01 ) (  1.989956558283e-01 , -3.946022648883e-02 ) ( -2.469960993860e-05 , -5.684753244724e+01 )
    1    9     (  3.035304826977e+00 , -5.691426898377e-03 ) ( -7.473863902376e+00 ,  2.170657092165e+01 ) (  1.011926945789e+01 ,  2.600642262270e-03 )
    1   10     (  1.467321298904e+00 , -4.932050006556e-01 ) (  7.987951169920e-04 , -4.624410624134e+01 ) (  4.728939340960e+00 , -1.634150173531e+00 )
    1   11     ( -8.126743097606e-02 ,  6.859073850772e-07 ) ( -1.273276467651e-10 , -3.615488205738e+01 ) ( -3.179269071044e-02 ,  1.541401701255e-06 )
    1   12     (  5.290472181610e-01 , -1.048042132073e-07 ) (  4.685903920158e-05 , -2.804665210318e-02 ) (  1.188952285215e+00 , -4.001078229191e-08 )
    2    1     (  3.791235623886e+00 , -1.057285039547e-10 ) (  1.145972179156e-11 ,  1.024421351376e-02 ) ( -2.956685434683e+00 ,  2.804310324953e-11 )
    2    2     ( -9.325838748204e-01 ,  1.653579790091e-26 ) ( -3.373232866961e-12 , -1.826811679817e-18 ) (  2.671244456381e-01 ,  8.375745534755e-27 )
    2    3     ( -3.253296733082e-11 ,  4.839394578786e+01 ) ( -1.290494235634e-01 ,  1.111482480613e-10 ) (  7.946490737645e-12 , -4.297429823592e+01 )
    2    4     (  3.068097853178e-09 ,  6.777393809269e-01 ) (  1.422322074682e-01 , -3.518445926036e-12 ) ( -2.727340750342e-09 , -1.939979383867e-01 )
    2    5     ( -2.461905442590e-09 , -6.646044546176e-01 ) (  5.042708684367e-01 , -7.237680074477e-12 ) (  7.062374926368e-10 ,  5.734726633506e-01 )
    2    6     (  4.251428512510e-11 , -4.572769083269e+01 ) ( -9.059759238098e-02 , -2.082255571344e-10 ) ( -3.582554910647e-11 ,  1.309796460703e+01 )
    2    7     ( -6.695254285270e-05 , -1.756146071551e+01 ) ( -1.989956559150e-01 , -3.946022648084e-02 ) (  2.469960981340e-05 , -5.684753244724e+01 )
    2    8     ( -5.441406868199e-02 , -2.622063090900e-01 ) (  1.273517381958e+01 ,  7.596724165179e-05 ) ( -1.761383918106e-01 , -7.708438332691e-01 )
    2    9     ( -1.467321298915e+00 , -4.932050006484e-01 ) ( -7.987950979331e-04 , -4.624410624133e+01 ) ( -4.728939341018e+00 , -1.634150173526e+00 )
    2   10     (  3.035304826935e+00 ,  5.691426901793e-03 ) ( -7.473863902360e+00 , -2.170657092165e+01 ) (  1.011926945776e+01 , -2.600642260918e-03 )
    2   11     (  5.290472181557e-01 ,  1.048044591813e-07 ) (  4.685903777314e-05 ,  2.804665210216e-02 ) (  1.188952285212e+00 ,  4.001012079084e-08 )
    2   12     (  8.126743097511e-02 ,  6.859049248759e-07 ) (  1.597199863478e-10 , -3.615488205738e+01 ) (  3.179269071541e-02 ,  1.541403775483e-06 )
    3    1     (  3.067574300280e-09 ,  6.777393809289e-01 ) (  1.422322074705e-01 , -4.367920298913e-12 ) ( -2.727227285513e-09 , -1.939979383881e-01 )
    3    2     ( -3.253296733082e-11 , -4.839394578786e+01 ) ( -1.290494235634e-01 , -1.111482480613e-10 ) (  7.946490737645e-12 ,  4.297429823592e+01 )
    3    3     (  5.080191035884e-02 , -2.607023026109e-29 ) (  3.966588998363e-12 ,  2.160692061570e-18 ) ( -1.418292175272e-02 ,  1.314282849527e-28 )
    3    4     ( -3.686369429746e+00 , -1.810950369095e-11 ) ( -9.736983147888e-12 ,  3.857116115012e-01 ) (  3.218054364368e+00 ,  7.826544295341e-12 )
    3    5     (  1.753668548581e+00 ,  1.486456139578e-12 ) (  1.394819066780e-10 ,  5.559483478315e-03 ) ( -4.894890305215e-01 ,  7.817941133366e-13 )
    3    6     ( -5.221009571058e-01 ,  4.465025927473e-10 ) ( -8.518802182385e-13 , -1.336493469249e+01 ) (  5.684964544803e-01 , -1.600922560462e-10 )
    3    7     (  6.677442559213e-02 ,  1.411358280934e-02 ) (  8.327587553439e-05 ,  3.016742311647e+00 ) (  2.093723157835e-01 ,  4.706637071706e-02 )
    3    8     ( -4.554999564535e+00 , -1.353911790717e-05 ) (  9.348338909588e-03 ,  6.821142028471e-02 ) ( -1.519032228377e+01 , -3.913766148873e-06 )
    3    9     ( -3.705248949484e-03 ,  1.907602158824e+01 ) ( -5.827158250357e-01 , -1.926699854659e-01 ) ( -3.094117301460e-04 ,  6.372024554917e+01 )
    3   10     (  3.081128477642e+00 ,  8.923650594982e+00 ) (  1.181276548075e+00 ,  3.759996206573e-03 ) (  1.029765481572e+01 ,  2.989906822123e+01 )
    3   11     (  1.355381830340e-05 , -1.392774961668e-01 ) (  1.366708350088e+00 , -9.749674658908e-09 ) (  4.034307156909e-05 , -9.983750366860e-03 )
    3   12     (  1.910580698973e-07 , -1.045728396854e+01 ) ( -6.458012793533e-03 ,  1.771239980041e-06 ) (  4.430094116718e-08 , -3.112589055279e+01 )
    4    1     (  3.208564665402e-11 , -4.839394578786e+01 ) (  1.290494235647e-01 , -1.105175749607e-10 ) ( -9.597063240605e-12 ,  4.297429823593e+01 )
    4    2     (  3.068097853178e-09 , -6.777393809269e-01 ) (  1.422322074682e-01 ,  3.518445926036e-12 ) ( -2.727340750342e-09 ,  1.939979383867e-01 )
    4    3     ( -3.686369429746e+00 ,  1.810950369095e-11 ) ( -9.736983147888e-12 , -3.857116115012e-01 ) (  3.218054364368e+00 , -7.826544295341e-12 )
    4    4     ( -5.080191035940e-02 , -1.561951751879e-29 ) ( -3.969252304410e-12 ,  1.324136251586e-18 ) (  1.418292175702e-02 ,  7.248708928568e-29 )
    4    5     (  5.221009571058e-01 ,  4.424022549693e-10 ) (  8.409526409086e-13 , -1.336493469249e+01 ) ( -5.684964544886e-01 , -1.653019715682e-10 )
    4    6     (  1.753668548584e+00 , -2.015066165851e-12 ) (  1.394462301736e-10 , -5.559483477849e-03 ) ( -4.894890305152e-01 , -5.933567551504e-13 )
    4    7     ( -4.554999564502e+00 ,  1.353911577348e-05 ) (  9.348338908692e-03 , -6.821142028515e-02 ) ( -1.519032228366e+01 ,  3.913757388496e-06 )
    4    8     ( -6.677442555774e-02 ,  1.411358281386e-02 ) ( -8.327587572423e-05 ,  3.016742311651e+00 ) ( -2.093723156568e-01 ,  4.706637072645e-02 )
    4    9     (  3.081128477641e+00 , -8.923650594985e+00 ) (  1.181276548071e+00 , -3.759996206137e-03 ) (  1.029765481572e+01 , -2.989906822123e+01 )
    4   10     (  3.705248955208e-03 ,  1.907602158824e+01 ) (  5.827158250408e-01 , -1.926699854669e-01 ) (  3.094117462662e-04 ,  6.372024554917e+01 )
    4   11     ( -1.910721693401e-07 , -1.045728396855e+01 ) (  6.458012794011e-03 ,  1.771239945167e-06 ) ( -4.434429530624e-08 , -3.112589055280e+01 )
    4   12     (  1.355381773772e-05 ,  1.392774961667e-01 ) (  1.366708350089e+00 ,  9.750414217055e-09 ) (  4.034306943464e-05 ,  9.983750368410e-03 )
    5    1     ( -4.222103559947e-11 ,  4.572769083269e+01 ) (  9.059759238654e-02 ,  2.033444154474e-10 ) (  3.655102110063e-11 , -1.309796460703e+01 )
    5    2     ( -2.461905442590e-09 ,  6.646044546176e-01 ) (  5.042708684367e-01 ,  7.237680074477e-12 ) (  7.062374926368e-10 , -5.734726633506e-01 )
    5    3     (  1.753668548581e+00 , -1.486456139578e-12 ) (  1.394819066780e-10 , -5.559483478315e-03 ) ( -4.894890305215e-01 , -7.817941133366e-13 )
    5    4     (  5.221009571058e-01 , -4.424022549693e-10 ) (  8.409526409086e-13 ,  1.336493469249e+01 ) ( -5.684964544886e-01 ,  1.653019715682e-10 )
    5    5     ( -9.672056325373e-01 , -1.532893020289e-30 ) ( -7.501335488472e-12 , -2.118458767407e-19 ) (  2.841209345325e-01 , -1.537232908112e-30 )
    5    6     (  1.402059464827e-02 , -2.301471666992e-11 ) (  1.268916633444e-13 ,  3.744254127966e-01 ) ( -1.510345298454e-02 ,  7.650370013332e-12 )
    5    7     (  3.728458019423e-01 ,  4.415774502494e-04 ) (  7.366234809630e-03 , -2.058086302557e-01 ) (  7.320035164413e-02 ,  1.049406932655e-03 )
    5    8     ( -1.374347324602e-01 , -1.149191169563e-03 ) ( -5.367677390403e-04 ,  2.375026978081e+00 ) ( -3.377494050950e-01 , -2.124299997419e-04 )
    5    9     ( -2.797120798680e-01 ,  4.983645640680e-01 ) ( -3.119566899795e-01 ,  7.905220139951e-02 ) ( -1.505593546088e-02 , -9.711989882627e-01 )
    5   10     ( -5.071740339031e-02 , -1.878055893588e+00 ) ( -7.432592857188e-01 ,  8.751126742901e-02 ) ( -1.640201866128e-01 , -5.694227723696e-01 )
    5   11     ( -2.096348963424e-07 , -1.028252731236e+01 ) ( -3.873097552946e-01 , -4.602723888648e-08 ) ( -5.422823547711e-07 , -2.353900665730e+00 )
    5   12     (  1.332720024355e-05 ,  1.537372266209e-01 ) ( -3.569814181400e-02 , -5.020365703746e-07 ) (  3.050510129855e-06 ,  4.165566953369e-01 )
    6    1     ( -2.461242686196e-09 , -6.646044546137e-01 ) (  5.042708684313e-01 , -7.340776926790e-12 ) (  7.109985656988e-10 ,  5.734726633541e-01 )
    6    2     (  4.251428512510e-11 ,  4.572769083269e+01 ) ( -9.059759238098e-02 ,  2.082255571344e-10 ) ( -3.582554910647e-11 , -1.309796460703e+01 )
    6    3     ( -5.221009571058e-01 , -4.465025927473e-10 ) ( -8.518802182385e-13 ,  1.336493469249e+01 ) (  5.684964544803e-01 ,  1.600922560462e-10 )
    6    4     (  1.753668548584e+00 ,  2.015066165851e-12 ) (  1.394462301736e-10 ,  5.559483477849e-03 ) ( -4.894890305152e-01 ,  5.933567551504e-13 )
    6    5     (  1.402059464827e-02 ,  2.301471666992e-11 ) (  1.268916633444e-13 , -3.744254127966e-01 ) ( -1.510345298454e-02 , -7.650370013332e-12 )
    6    6     (  9.672056325360e-01 ,  2.583342523670e-28 ) (  7.545484974270e-12 , -1.504530285045e-19 ) ( -2.841209345318e-01 ,  3.494229415453e-28 )
    6    7     (  1.374347324584e-01 , -1.149191166805e-03 ) (  5.367677390381e-04 ,  2.375026978081e+00 ) (  3.377494050943e-01 , -2.124299986910e-04 )
    6    8     (  3.728458019486e-01 , -4.415774488477e-04 ) (  7.366234808894e-03 ,  2.058086302573e-01 ) (  7.320035164747e-02 , -1.049406932000e-03 )
    6    9     (  5.071740339524e-02 , -1.878055893585e+00 ) (  7.432592857203e-01 ,  8.751126743079e-02 ) (  1.640201866131e-01 , -5.694227723692e-01 )
    6   10     ( -2.797120798654e-01 , -4.983645640685e-01 ) ( -3.119566899742e-01 , -7.905220139821e-02 ) ( -1.505593545834e-02 ,  9.711989882586e-01 )
    6   11     (  1.332720541487e-05 , -1.537372266142e-01 ) ( -3.569814181321e-02 ,  5.020365097846e-07 ) (  3.050502887437e-06 , -4.165566953428e-01 )
    6   12     (  2.096370262121e-07 , -1.028252731236e+01 ) (  3.873097552934e-01 , -4.602530705725e-08 ) (  5.422813391612e-07 , -2.353900665730e+00 )
    7    1     ( -5.441406868491e-02 , -2.622063090890e-01 ) (  1.273517381949e+01 ,  7.596722828932e-05 ) ( -1.761383918116e-01 , -7.708438332480e-01 )
    7    2     ( -6.695254285270e-05 ,  1.756146071551e+01 ) ( -1.989956559150e-01 ,  3.946022648084e-02 ) (  2.469960981340e-05 ,  5.684753244724e+01 )
    7    3     (  6.677442559213e-02 , -1.411358280934e-02 ) (  8.327587553439e-05 , -3.016742311647e+00 ) (  2.093723157835e-01 , -4.706637071706e-02 )
    7    4     ( -4.554999564502e+00 , -1.353911577348e-05 ) (  9.348338908692e-03 ,  6.821142028515e-02 ) ( -1.519032228366e+01 , -3.913757388496e-06 )
    7    5     (  3.728458019423e-01 , -4.415774502494e-04 ) (  7.366234809630e-03 ,  2.058086302557e-01 ) (  7.320035164413e-02 , -1.049406932655e-03 )
    7    6     (  1.374347324584e-01 ,  1.149191166805e-03 ) (  5.367677390381e-04 , -2.375026978081e+00 ) (  3.377494050943e-01 ,  2.124299986910e-04 )
    7    7     ( -5.680116045114e-02 ,  6.618966442059e-19 ) ( -1.635603226646e-05 , -1.092548212823e-17 ) (  1.765530975261e-01 , -2.944608286414e-19 )
    7    8     (  2.057627280661e+00 ,  1.772702602947e-04 ) ( -2.240684185893e-07 , -2.639867069918e-03 ) ( -6.445130933567e+00 , -5.468031931359e-04 )
    7    9     (  3.481552413214e-03 , -4.309770127212e+00 ) (  6.064036741295e-02 ,  2.070201262978e-02 ) ( -8.369374491234e-03 ,  1.111587929082e+01 )
    7   10     ( -6.783403415194e-01 , -1.948166134157e+00 ) ( -1.309988219351e-01 , -7.597271984640e-05 ) (  1.749874246592e+00 ,  5.029265138410e+00 )
    7   11     ( -2.156323795807e-01 , -1.001295022689e+00 ) (  8.811011421192e-02 ,  3.585841005130e-06 ) (  2.438931052661e-01 ,  1.140542851181e+00 )
    7   12     ( -1.482758342104e-04 ,  6.956406921123e+01 ) ( -2.365658876097e-03 ,  2.731675477830e-04 ) (  1.925428237900e-04 , -7.868100890032e+01 )
    8    1     (  6.695254390049e-05 ,  1.756146071551e+01 ) (  1.989956558283e-01 ,  3.946022648883e-02 ) ( -2.469960993860e-05 ,  5.684753244724e+01 )
    8    2     ( -5.441406868199e-02 ,  2.622063090900e-01 ) (  1.273517381958e+01 , -7.596724165179e-05 ) ( -1.761383918106e-01 ,  7.708438332691e-01 )
    8    3     ( -4.554999564535e+00 ,  1.353911790717e-05 ) (  9.348338909588e-03 , -6.821142028471e-02 ) ( -1.519032228377e+01 ,  3.913766148873e-06 )
    8    4     ( -6.677442555774e-02 , -1.411358281386e-02 ) ( -8.327587572423e-05 , -3.016742311651e+00 ) ( -2.093723156568e-01 , -4.706637072645e-02 )
    8    5     ( -1.374347324602e-01 ,  1.149191169563e-03 ) ( -5.367677390403e-04 , -2.375026978081e+00 ) ( -3.377494050950e-01 ,  2.124299997419e-04 )
    8    6     (  3.728458019486e-01 ,  4.415774488477e-04 ) (  7.366234808894e-03 , -2.058086302573e-01 ) (  7.320035164747e-02 ,  1.049406932000e-03 )
    8    7     (  2.057627280661e+00 , -1.772702602947e-04 ) ( -2.240684185894e-07 ,  2.639867069918e-03 ) ( -6.445130933567e+00 ,  5.468031931359e-04 )
    8    8     (  5.680116042864e-02 ,  4.095508756018e-19 ) (  1.635603211678e-05 , -1.844058309429e-17 ) ( -1.765530974778e-01 ,  8.274923731032e-19 )
    8    9     ( -6.783403415001e-01 ,  1.948166134154e+00 ) ( -1.309988219334e-01 ,  7.597271989953e-05 ) (  1.749874246572e+00 , -5.029265138394e+00 )
    8   10     ( -3.481552453295e-03 , -4.309770127212e+00 ) ( -6.064036741188e-02 ,  2.070201263089e-02 ) (  8.369374535627e-03 ,  1.111587929082e+01 )
    8   11     (  1.482758372349e-04 ,  6.956406921123e+01 ) (  2.365658874831e-03 ,  2.731675488671e-04 ) ( -1.925428317581e-04 , -7.868100890032e+01 )
    8   12     ( -2.156323795785e-01 ,  1.001295022720e+00 ) (  8.811011421402e-02 , -3.585840947649e-06 ) (  2.438931052627e-01 , -1.140542851214e+00 )
    9    1     (  3.035304826977e+00 ,  5.691426898377e-03 ) ( -7.473863902376e+00 , -2.170657092165e+01 ) (  1.011926945789e+01 , -2.600642262270e-03 )
    9    2     ( -1.467321298915e+00 ,  4.932050006484e-01 ) ( -7.987950979331e-04 ,  4.624410624133e+01 ) ( -4.728939341018e+00 ,  1.634150173526e+00 )
    9    3     ( -3.705248949484e-03 , -1.907602158824e+01 ) ( -5.827158250357e-01 ,  1.926699854659e-01 ) ( -3.094117301460e-04 , -6.372024554917e+01 )
    9    4     (  3.081128477641e+00 ,  8.923650594985e+00 ) (  1.181276548071e+00 ,  3.759996206137e-03 ) (  1.029765481572e+01 ,  2.989906822123e+01 )
    9    5     ( -2.797120798680e-01 , -4.983645640680e-01 ) ( -3.119566899795e-01 , -7.905220139951e-02 ) ( -1.505593546088e-02 ,  9.711989882627e-01 )
    9    6     (  5.071740339524e-02 ,  1.878055893585e+00 ) (  7.432592857203e-01 , -8.751126743079e-02 ) (  1.640201866131e-01 ,  5.694227723692e-01 )
    9    7     (  3.481552413214e-03 ,  4.309770127212e+00 ) (  6.064036741295e-02 , -2.070201262978e-02 ) ( -8.369374491234e-03 , -1.111587929082e+01 )
    9    8     ( -6.783403415001e-01 , -1.948166134154e+00 ) ( -1.309988219334e-01 , -7.597271989953e-05 ) (  1.749874246572e+00 ,  5.029265138394e+00 )
    9    9     (  1.831351579802e+00 ,  1.701028403159e-17 ) ( -4.047506066227e-04 ,  6.672597291337e-18 ) ( -5.028916704398e+00 ,  7.383340278465e-17 )
    9   10     ( -1.566246765511e+00 , -2.967695030878e-01 ) ( -1.899335491601e-04 , -1.495294768054e-03 ) (  4.318693367633e+00 ,  8.126774965682e-01 )
    9   11     (  1.542852835978e+01 , -4.016159369831e-03 ) ( -1.086136634746e-01 , -3.162238921144e-01 ) ( -1.727483708778e+01 ,  1.735617552134e-03 )
    9   12     ( -7.209750232126e+00 ,  2.491537756644e+00 ) ( -1.366801555000e-04 ,  6.716709584606e-01 ) (  8.093377974106e+00 , -2.790992035444e+00 )
   10    1     (  1.467321298904e+00 ,  4.932050006556e-01 ) (  7.987951169920e-04 ,  4.624410624134e+01 ) (  4.728939340960e+00 ,  1.634150173531e+00 )
   10    2     (  3.035304826935e+00 , -5.691426901793e-03 ) ( -7.473863902360e+00 ,  2.170657092165e+01 ) (  1.011926945776e+01 ,  2.600642260918e-03 )
   10    3     (  3.081128477642e+00 , -8.923650594982e+00 ) (  1.181276548075e+00 , -3.759996206573e-03 ) (  1.029765481572e+01 , -2.989906822123e+01 )
   10    4     (  3.705248955208e-03 , -1.907602158824e+01 ) (  5.827158250408e-01 ,  1.926699854669e-01 ) (  3.094117462662e-04 , -6.372024554917e+01 )
   10    5     ( -5.071740339031e-02 ,  1.878055893588e+00 ) ( -7.432592857188e-01 , -8.751126742901e-02 ) ( -1.640201866128e-01 ,  5.694227723696e-01 )
   10    6     ( -2.797120798654e-01 ,  4.983645640685e-01 ) ( -3.119566899742e-01 ,  7.905220139821e-02 ) ( -1.505593545834e-02 , -9.711989882586e-01 )
   10    7     ( -6.783403415194e-01 ,  1.948166134157e+00 ) ( -1.309988219351e-01 ,  7.597271984640e-05 ) (  1.749874246592e+00 , -5.029265138410e+00 )
   10    8     ( -3.481552453295e-03 ,  4.309770127212e+00 ) ( -6.064036741188e-02 , -2.070201263089e-02 ) (  8.369374535627e-03 , -1.111587929082e+01 )
   10    9     ( -1.566246765511e+00 ,  2.967695030878e-01 ) ( -1.899335491601e-04 ,  1.495294768054e-03 ) (  4.318693367633e+00 , -8.126774965682e-01 )
   10   10     ( -1.831351579785e+00 ,  1.026696412126e-17 ) (  4.047506043541e-04 ,  8.118414877178e-18 ) (  5.028916704351e+00 ,  7.921769184242e-17 )
   10   11     (  7.209750232058e+00 ,  2.491537756650e+00 ) (  1.366801552124e-04 ,  6.716709584618e-01 ) ( -8.093377974027e+00 , -2.790992035453e+00 )
   10   12     (  1.542852835963e+01 ,  4.016159366087e-03 ) ( -1.086136634748e-01 ,  3.162238921133e-01 ) ( -1.727483708761e+01 , -1.735617546067e-03 )
   11    1     ( -8.126743097606e-02 , -6.859073850772e-07 ) ( -1.273276467651e-10 ,  3.615488205738e+01 ) ( -3.179269071044e-02 , -1.541401701255e-06 )
   11    2     (  5.290472181557e-01 , -1.048044591813e-07 ) (  4.685903777314e-05 , -2.804665210216e-02 ) (  1.188952285212e+00 , -4.001012079084e-08 )
   11    3     (  1.355381830340e-05 ,  1.392774961668e-01 ) (  1.366708350088e+00 ,  9.749674658908e-09 ) (  4.034307156909e-05 ,  9.983750366860e-03 )
   11    4     ( -1.910721693401e-07 ,  1.045728396855e+01 ) (  6.458012794011e-03 , -1.771239945167e-06 ) ( -4.434429530624e-08 ,  3.112589055280e+01 )
   11    5     ( -2.096348963424e-07 ,  1.028252731236e+01 ) ( -3.873097552946e-01 ,  4.602723888648e-08 ) ( -5.422823547711e-07 ,  2.353900665730e+00 )
   11    6     (  1.332720541487e-05 ,  1.537372266142e-01 ) ( -3.569814181321e-02 , -5.020365097846e-07 ) (  3.050502887437e-06 ,  4.165566953428e-01 )
   11    7     ( -2.156323795807e-01 ,  1.001295022689e+00 ) (  8.811011421192e-02 , -3.585841005130e-06 ) (  2.438931052661e-01 , -1.140542851181e+00 )
   11    8     (  1.482758372349e-04 , -6.956406921123e+01 ) (  2.365658874831e-03 , -2.731675488671e-04 ) ( -1.925428317581e-04 ,  7.868100890032e+01 )
   11    9     (  1.542852835978e+01 ,  4.016159369831e-03 ) ( -1.086136634746e-01 ,  3.162238921144e-01 ) ( -1.727483708778e+01 , -1.735617552134e-03 )
   11   10     (  7.209750232058e+00 , -2.491537756650e+00 ) (  1.366801552124e-04 , -6.716709584618e-01 ) ( -8.093377974027e+00 ,  2.790992035453e+00 )
   11   11     ( -1.121762999601e-02 , -3.455364657016e-23 ) ( -9.659407076438e-11 , -1.676547667567e-19 ) ( -1.678532958784e-03 , -9.489042601308e-23 )
   11   12     (  2.786933958319e-01 , -2.851453731481e-08 ) (  2.212817438186e-13 ,  3.722622704871e-05 ) ( -5.073668842803e-01 , -5.376876598897e-09 )
   12    1     (  5.290472181610e-01 ,  1.048042132073e-07 ) (  4.685903920158e-05 ,  2.804665210318e-02 ) (  1.188952285215e+00 ,  4.001078229191e-08 )
   12    2     (  8.126743097511e-02 , -6.859049248759e-07 ) (  1.597199863478e-10 ,  3.615488205738e+01 ) (  3.179269071541e-02 , -1.541403775483e-06 )
   12    3     (  1.910580698973e-07 ,  1.045728396854e+01 ) ( -6.458012793533e-03 , -1.771239980041e-06 ) (  4.430094116718e-08 ,  3.112589055279e+01 )
   12    4     (  1.355381773772e-05 , -1.392774961667e-01 ) (  1.366708350089e+00 , -9.750414217055e-09 ) (  4.034306943464e-05 , -9.983750368410e-03 )
   12    5     (  1.332720024355e-05 , -1.537372266209e-01 ) ( -3.569814181400e-02 ,  5.020365703746e-07 ) (  3.050510129855e-06 , -4.165566953369e-01 )
   12    6     (  2.096370262121e-07 ,  1.028252731236e+01 ) (  3.873097552934e-01 ,  4.602530705725e-08 ) (  5.422813391612e-07 ,  2.353900665730e+00 )
   12    7     ( -1.482758342104e-04 , -6.956406921123e+01 ) ( -2.365658876097e-03 , -2.731675477830e-04 ) (  1.925428237900e-04 ,  7.868100890032e+01 )
   12    8     ( -2.156323795785e-01 , -1.001295022720e+00 ) (  8.811011421402e-02 ,  3.585840947649e-06 ) (  2.438931052627e-01 ,  1.140542851214e+00 )
   12    9     ( -7.209750232126e+00 , -2.491537756644e+00 ) ( -1.366801555000e-04 , -6.716709584606e-01 ) (  8.093377974106e+00 ,  2.790992035444e+00 )
   12   10     (  1.542852835963e+01 , -4.016159366087e-03 ) ( -1.086136634748e-01 , -3.162238921133e-01 ) ( -1.727483708761e+01 ,  1.735617546067e-03 )
   12   11     (  2.786933958319e-01 ,  2.851453731481e-08 ) (  2.212817438186e-13 , -3.722622704871e-05 ) ( -5.073668842803e-01 ,  5.376876598897e-09 )
   12   12     (  1.121763000262e-02 , -1.471875775322e-23 ) (  9.751304168986e-11 , -1.416468149508e-19 ) (  1.678532948253e-03 ,  7.562969964828e-24 )

